"session.p_id","session.pilot","session.complete","session.time_started","session.current_time","session.num_restarts","session.language","session.user_info","BDS.q1.raw","BDS.q1.correct_answer","BDS.q1.correct","BDS.q2.raw","BDS.q2.correct_answer","BDS.q2.correct","BDS.q3.raw","BDS.q3.correct_answer","BDS.q3.correct","BDS.q4.raw","BDS.q4.correct_answer","BDS.q4.correct","BDS.q5.raw","BDS.q5.correct_answer","BDS.q5.correct","BDS.q6.raw","BDS.q6.correct_answer","BDS.q6.correct","BDS.q7.raw","BDS.q7.correct_answer","BDS.q7.correct","BDS.q8.raw","BDS.q8.correct_answer","BDS.q8.correct","BDS.q9.raw","BDS.q9.correct_answer","BDS.q9.correct","BDS.q10.raw","BDS.q10.correct_answer","BDS.q10.correct","BDS.q11.raw","BDS.q11.correct_answer","BDS.q11.correct","BDS.q12.raw","BDS.q12.correct_answer","BDS.q12.correct","BDS.score","BDS.num_questions","JAJ.q1_hand_1.type","JAJ.q1_hand_1.item_id","JAJ.q1_hand_1.raw","JAJ.q1_hand_1.correct_answer","JAJ.q1_hand_1.correct","JAJ.q1_hand_2.type","JAJ.q1_hand_2.item_id","JAJ.q1_hand_2.raw","JAJ.q1_hand_2.correct_answer","JAJ.q1_hand_2.correct","JAJ.q1_position.type","JAJ.q1_position.item_id","JAJ.q1_position.raw","JAJ.q1_position.correct_answer","JAJ.q1_position.correct","JAJ.q2_hand_1.type","JAJ.q2_hand_1.item_id","JAJ.q2_hand_1.raw","JAJ.q2_hand_1.correct_answer","JAJ.q2_hand_1.correct","JAJ.q2_hand_2.type","JAJ.q2_hand_2.item_id","JAJ.q2_hand_2.raw","JAJ.q2_hand_2.correct_answer","JAJ.q2_hand_2.correct","JAJ.q2_hand_3.type","JAJ.q2_hand_3.item_id","JAJ.q2_hand_3.raw","JAJ.q2_hand_3.correct_answer","JAJ.q2_hand_3.correct","JAJ.q2_hand_4.type","JAJ.q2_hand_4.item_id","JAJ.q2_hand_4.raw","JAJ.q2_hand_4.correct_answer","JAJ.q2_hand_4.correct","JAJ.q2_position.type","JAJ.q2_position.item_id","JAJ.q2_position.raw","JAJ.q2_position.correct_answer","JAJ.q2_position.correct","JAJ.q3_hand_1.type","JAJ.q3_hand_1.item_id","JAJ.q3_hand_1.raw","JAJ.q3_hand_1.correct_answer","JAJ.q3_hand_1.correct","JAJ.q3_hand_2.type","JAJ.q3_hand_2.item_id","JAJ.q3_hand_2.raw","JAJ.q3_hand_2.correct_answer","JAJ.q3_hand_2.correct","JAJ.q3_hand_3.type","JAJ.q3_hand_3.item_id","JAJ.q3_hand_3.raw","JAJ.q3_hand_3.correct_answer","JAJ.q3_hand_3.correct","JAJ.q3_hand_4.type","JAJ.q3_hand_4.item_id","JAJ.q3_hand_4.raw","JAJ.q3_hand_4.correct_answer","JAJ.q3_hand_4.correct","JAJ.q3_hand_5.type","JAJ.q3_hand_5.item_id","JAJ.q3_hand_5.raw","JAJ.q3_hand_5.correct_answer","JAJ.q3_hand_5.correct","JAJ.q3_position.type","JAJ.q3_position.item_id","JAJ.q3_position.raw","JAJ.q3_position.correct_answer","JAJ.q3_position.correct","JAJ.q4_hand_1.type","JAJ.q4_hand_1.item_id","JAJ.q4_hand_1.raw","JAJ.q4_hand_1.correct_answer","JAJ.q4_hand_1.correct","JAJ.q4_hand_2.type","JAJ.q4_hand_2.item_id","JAJ.q4_hand_2.raw","JAJ.q4_hand_2.correct_answer","JAJ.q4_hand_2.correct","JAJ.q4_hand_3.type","JAJ.q4_hand_3.item_id","JAJ.q4_hand_3.raw","JAJ.q4_hand_3.correct_answer","JAJ.q4_hand_3.correct","JAJ.q4_hand_4.type","JAJ.q4_hand_4.item_id","JAJ.q4_hand_4.raw","JAJ.q4_hand_4.correct_answer","JAJ.q4_hand_4.correct","JAJ.q4_hand_5.type","JAJ.q4_hand_5.item_id","JAJ.q4_hand_5.raw","JAJ.q4_hand_5.correct_answer","JAJ.q4_hand_5.correct","JAJ.q4_hand_6.type","JAJ.q4_hand_6.item_id","JAJ.q4_hand_6.raw","JAJ.q4_hand_6.correct_answer","JAJ.q4_hand_6.correct","JAJ.q4_hand_7.type","JAJ.q4_hand_7.item_id","JAJ.q4_hand_7.raw","JAJ.q4_hand_7.correct_answer","JAJ.q4_hand_7.correct","JAJ.q4_position.type","JAJ.q4_position.item_id","JAJ.q4_position.raw","JAJ.q4_position.correct_answer","JAJ.q4_position.correct","JAJ.q5_hand_1.type","JAJ.q5_hand_1.item_id","JAJ.q5_hand_1.raw","JAJ.q5_hand_1.correct_answer","JAJ.q5_hand_1.correct","JAJ.q5_hand_2.type","JAJ.q5_hand_2.item_id","JAJ.q5_hand_2.raw","JAJ.q5_hand_2.correct_answer","JAJ.q5_hand_2.correct","JAJ.q5_hand_3.type","JAJ.q5_hand_3.item_id","JAJ.q5_hand_3.raw","JAJ.q5_hand_3.correct_answer","JAJ.q5_hand_3.correct","JAJ.q5_hand_4.type","JAJ.q5_hand_4.item_id","JAJ.q5_hand_4.raw","JAJ.q5_hand_4.correct_answer","JAJ.q5_hand_4.correct","JAJ.q5_hand_5.type","JAJ.q5_hand_5.item_id","JAJ.q5_hand_5.raw","JAJ.q5_hand_5.correct_answer","JAJ.q5_hand_5.correct","JAJ.q5_hand_6.type","JAJ.q5_hand_6.item_id","JAJ.q5_hand_6.raw","JAJ.q5_hand_6.correct_answer","JAJ.q5_hand_6.correct","JAJ.q5_position.type","JAJ.q5_position.item_id","JAJ.q5_position.raw","JAJ.q5_position.correct_answer","JAJ.q5_position.correct","JAJ.q6_hand_1.type","JAJ.q6_hand_1.item_id","JAJ.q6_hand_1.raw","JAJ.q6_hand_1.correct_answer","JAJ.q6_hand_1.correct","JAJ.q6_hand_2.type","JAJ.q6_hand_2.item_id","JAJ.q6_hand_2.raw","JAJ.q6_hand_2.correct_answer","JAJ.q6_hand_2.correct","JAJ.q6_hand_3.type","JAJ.q6_hand_3.item_id","JAJ.q6_hand_3.raw","JAJ.q6_hand_3.correct_answer","JAJ.q6_hand_3.correct","JAJ.q6_hand_4.type","JAJ.q6_hand_4.item_id","JAJ.q6_hand_4.raw","JAJ.q6_hand_4.correct_answer","JAJ.q6_hand_4.correct","JAJ.q6_hand_5.type","JAJ.q6_hand_5.item_id","JAJ.q6_hand_5.raw","JAJ.q6_hand_5.correct_answer","JAJ.q6_hand_5.correct","JAJ.q6_hand_6.type","JAJ.q6_hand_6.item_id","JAJ.q6_hand_6.raw","JAJ.q6_hand_6.correct_answer","JAJ.q6_hand_6.correct","JAJ.q6_hand_7.type","JAJ.q6_hand_7.item_id","JAJ.q6_hand_7.raw","JAJ.q6_hand_7.correct_answer","JAJ.q6_hand_7.correct","JAJ.q6_position.type","JAJ.q6_position.item_id","JAJ.q6_position.raw","JAJ.q6_position.correct_answer","JAJ.q6_position.correct","JAJ.q7_hand_1.type","JAJ.q7_hand_1.item_id","JAJ.q7_hand_1.raw","JAJ.q7_hand_1.correct_answer","JAJ.q7_hand_1.correct","JAJ.q7_hand_2.type","JAJ.q7_hand_2.item_id","JAJ.q7_hand_2.raw","JAJ.q7_hand_2.correct_answer","JAJ.q7_hand_2.correct","JAJ.q7_hand_3.type","JAJ.q7_hand_3.item_id","JAJ.q7_hand_3.raw","JAJ.q7_hand_3.correct_answer","JAJ.q7_hand_3.correct","JAJ.q7_hand_4.type","JAJ.q7_hand_4.item_id","JAJ.q7_hand_4.raw","JAJ.q7_hand_4.correct_answer","JAJ.q7_hand_4.correct","JAJ.q7_hand_5.type","JAJ.q7_hand_5.item_id","JAJ.q7_hand_5.raw","JAJ.q7_hand_5.correct_answer","JAJ.q7_hand_5.correct","JAJ.q7_hand_6.type","JAJ.q7_hand_6.item_id","JAJ.q7_hand_6.raw","JAJ.q7_hand_6.correct_answer","JAJ.q7_hand_6.correct","JAJ.q7_hand_7.type","JAJ.q7_hand_7.item_id","JAJ.q7_hand_7.raw","JAJ.q7_hand_7.correct_answer","JAJ.q7_hand_7.correct","JAJ.q7_position.type","JAJ.q7_position.item_id","JAJ.q7_position.raw","JAJ.q7_position.correct_answer","JAJ.q7_position.correct","JAJ.q8_hand_1.type","JAJ.q8_hand_1.item_id","JAJ.q8_hand_1.raw","JAJ.q8_hand_1.correct_answer","JAJ.q8_hand_1.correct","JAJ.q8_hand_2.type","JAJ.q8_hand_2.item_id","JAJ.q8_hand_2.raw","JAJ.q8_hand_2.correct_answer","JAJ.q8_hand_2.correct","JAJ.q8_hand_3.type","JAJ.q8_hand_3.item_id","JAJ.q8_hand_3.raw","JAJ.q8_hand_3.correct_answer","JAJ.q8_hand_3.correct","JAJ.q8_hand_4.type","JAJ.q8_hand_4.item_id","JAJ.q8_hand_4.raw","JAJ.q8_hand_4.correct_answer","JAJ.q8_hand_4.correct","JAJ.q8_hand_5.type","JAJ.q8_hand_5.item_id","JAJ.q8_hand_5.raw","JAJ.q8_hand_5.correct_answer","JAJ.q8_hand_5.correct","JAJ.q8_hand_6.type","JAJ.q8_hand_6.item_id","JAJ.q8_hand_6.raw","JAJ.q8_hand_6.correct_answer","JAJ.q8_hand_6.correct","JAJ.q8_hand_7.type","JAJ.q8_hand_7.item_id","JAJ.q8_hand_7.raw","JAJ.q8_hand_7.correct_answer","JAJ.q8_hand_7.correct","JAJ.q8_hand_8.type","JAJ.q8_hand_8.item_id","JAJ.q8_hand_8.raw","JAJ.q8_hand_8.correct_answer","JAJ.q8_hand_8.correct","JAJ.q8_position.type","JAJ.q8_position.item_id","JAJ.q8_position.raw","JAJ.q8_position.correct_answer","JAJ.q8_position.correct","JAJ.ability","JAJ.ability_sem","JAJ.num_items","JAJ.q5_hand_7.type","JAJ.q5_hand_7.item_id","JAJ.q5_hand_7.raw","JAJ.q5_hand_7.correct_answer","JAJ.q5_hand_7.correct","JAJ.q5_hand_8.type","JAJ.q5_hand_8.item_id","JAJ.q5_hand_8.raw","JAJ.q5_hand_8.correct_answer","JAJ.q5_hand_8.correct","JAJ.q6_hand_8.type","JAJ.q6_hand_8.item_id","JAJ.q6_hand_8.raw","JAJ.q6_hand_8.correct_answer","JAJ.q6_hand_8.correct","JAJ.q6_hand_9.type","JAJ.q6_hand_9.item_id","JAJ.q6_hand_9.raw","JAJ.q6_hand_9.correct_answer","JAJ.q6_hand_9.correct","JAJ.q7_hand_8.type","JAJ.q7_hand_8.item_id","JAJ.q7_hand_8.raw","JAJ.q7_hand_8.correct_answer","JAJ.q7_hand_8.correct","JAJ.q8_hand_9.type","JAJ.q8_hand_9.item_id","JAJ.q8_hand_9.raw","JAJ.q8_hand_9.correct_answer","JAJ.q8_hand_9.correct","JAJ.q7_hand_9.type","JAJ.q7_hand_9.item_id","JAJ.q7_hand_9.raw","JAJ.q7_hand_9.correct_answer","JAJ.q7_hand_9.correct","JAJ.q7_hand_10.type","JAJ.q7_hand_10.item_id","JAJ.q7_hand_10.raw","JAJ.q7_hand_10.correct_answer","JAJ.q7_hand_10.correct","JAJ.q8_hand_10.type","JAJ.q8_hand_10.item_id","JAJ.q8_hand_10.raw","JAJ.q8_hand_10.correct_answer","JAJ.q8_hand_10.correct","JAJ.q8_hand_11.type","JAJ.q8_hand_11.item_id","JAJ.q8_hand_11.raw","JAJ.q8_hand_11.correct_answer","JAJ.q8_hand_11.correct"
"03061999",FALSE,TRUE,2025-10-29 10:27:05,2025-10-29 10:31:45,0,"de",NA,"5672",5672,TRUE,"2493",2493,TRUE,"89725",89725,TRUE,"37488",37648,FALSE,"685137",685137,TRUE,"819000",816249,FALSE,"824759",824759,TRUE,"240000",264758,FALSE,"7621439",7621439,TRUE,"1600000",3175826,FALSE,"9573720",9517372,FALSE,"9378000",9378418,FALSE,0.5,12,NA,NA,NA,NA,NA,NA,NA,NA,NA,NA,NA,NA,NA,NA,NA,NA,NA,NA,NA,NA,NA,NA,NA,NA,NA,NA,NA,NA,NA,NA,NA,NA,NA,NA,NA,NA,NA,NA,NA,NA,NA,NA,NA,NA,NA,NA,NA,NA,NA,NA,NA,NA,NA,NA,NA,NA,NA,NA,NA,NA,NA,NA,NA,NA,NA,NA,NA,NA,NA,NA,NA,NA,NA,NA,NA,NA,NA,NA,NA,NA,NA,NA,NA,NA,NA,NA,NA,NA,NA,NA,NA,NA,NA,NA,NA,NA,NA,NA,NA,NA,NA,NA,NA,NA,NA,NA,NA,NA,NA,NA,NA,NA,NA,NA,NA,NA,NA,NA,NA,NA,NA,NA,NA,NA,NA,NA,NA,NA,NA,NA,NA,NA,NA,NA,NA,NA,NA,NA,NA,NA,NA,NA,NA,NA,NA,NA,NA,NA,NA,NA,NA,NA,NA,NA,NA,NA,NA,NA,NA,NA,NA,NA,NA,NA,NA,NA,NA,NA,NA,NA,NA,NA,NA,NA,NA,NA,NA,NA,NA,NA,NA,NA,NA,NA,NA,NA,NA,NA,NA,NA,NA,NA,NA,NA,NA,NA,NA,NA,NA,NA,NA,NA,NA,NA,NA,NA,NA,NA,NA,NA,NA,NA,NA,NA,NA,NA,NA,NA,NA,NA,NA,NA,NA,NA,NA,NA,NA,NA,NA,NA,NA,NA,NA,NA,NA,NA,NA,NA,NA,NA,NA,NA,NA,NA,NA,NA,NA,NA,NA,NA,NA,NA,NA,NA,NA,NA,NA,NA,NA,NA,NA,NA,NA,NA,NA,NA,NA,NA,NA,NA,NA,NA,NA,NA,NA,NA,NA,NA,NA,NA,NA,NA,NA,NA,NA,NA,NA,NA,NA,NA,NA,NA,NA,NA,NA,NA,NA,NA,NA,NA,NA,NA,NA,NA,NA,NA,NA,NA,NA,NA,NA,NA,NA,NA,NA,NA,NA,NA,NA,NA,NA,NA,NA
"26032004",FALSE,TRUE,2025-10-29 10:41:24,2025-10-29 10:48:20,0,"de",NA,"5672",5672,TRUE,"2493",2493,TRUE,"89725",89725,TRUE,"37483",37648,FALSE,"685136",685137,FALSE,"816124",816249,FALSE,"824951",824759,FALSE,"264758",264758,TRUE,"7621439",7621439,TRUE,"3175826",3175826,TRUE,"9513720",9517372,FALSE,"9378418",9378418,TRUE,0.583333333333333,12,NA,NA,NA,NA,NA,NA,NA,NA,NA,NA,NA,NA,NA,NA,NA,NA,NA,NA,NA,NA,NA,NA,NA,NA,NA,NA,NA,NA,NA,NA,NA,NA,NA,NA,NA,NA,NA,NA,NA,NA,NA,NA,NA,NA,NA,NA,NA,NA,NA,NA,NA,NA,NA,NA,NA,NA,NA,NA,NA,NA,NA,NA,NA,NA,NA,NA,NA,NA,NA,NA,NA,NA,NA,NA,NA,NA,NA,NA,NA,NA,NA,NA,NA,NA,NA,NA,NA,NA,NA,NA,NA,NA,NA,NA,NA,NA,NA,NA,NA,NA,NA,NA,NA,NA,NA,NA,NA,NA,NA,NA,NA,NA,NA,NA,NA,NA,NA,NA,NA,NA,NA,NA,NA,NA,NA,NA,NA,NA,NA,NA,NA,NA,NA,NA,NA,NA,NA,NA,NA,NA,NA,NA,NA,NA,NA,NA,NA,NA,NA,NA,NA,NA,NA,NA,NA,NA,NA,NA,NA,NA,NA,NA,NA,NA,NA,NA,NA,NA,NA,NA,NA,NA,NA,NA,NA,NA,NA,NA,NA,NA,NA,NA,NA,NA,NA,NA,NA,NA,NA,NA,NA,NA,NA,NA,NA,NA,NA,NA,NA,NA,NA,NA,NA,NA,NA,NA,NA,NA,NA,NA,NA,NA,NA,NA,NA,NA,NA,NA,NA,NA,NA,NA,NA,NA,NA,NA,NA,NA,NA,NA,NA,NA,NA,NA,NA,NA,NA,NA,NA,NA,NA,NA,NA,NA,NA,NA,NA,NA,NA,NA,NA,NA,NA,NA,NA,NA,NA,NA,NA,NA,NA,NA,NA,NA,NA,NA,NA,NA,NA,NA,NA,NA,NA,NA,NA,NA,NA,NA,NA,NA,NA,NA,NA,NA,NA,NA,NA,NA,NA,NA,NA,NA,NA,NA,NA,NA,NA,NA,NA,NA,NA,NA,NA,NA,NA,NA,NA,NA,NA,NA,NA,NA,NA,NA,NA,NA,NA,NA,NA,NA,NA,NA,NA
"test2",FALSE,TRUE,2025-11-04 10:47:55,2025-11-04 10:48:32,0,"de",NA,"5241",5672,FALSE,NA,NA,NA,NA,NA,NA,NA,NA,NA,NA,NA,NA,NA,NA,NA,NA,NA,NA,NA,NA,NA,NA,NA,NA,NA,NA,NA,NA,NA,NA,NA,NA,NA,0,1,"hand","31-rr","r","r",TRUE,"hand","31-rr","l","r",FALSE,"position","31-rr","65","31",FALSE,NA,NA,NA,NA,NA,NA,NA,NA,NA,NA,NA,NA,NA,NA,NA,NA,NA,NA,NA,NA,NA,NA,NA,NA,NA,NA,NA,NA,NA,NA,NA,NA,NA,NA,NA,NA,NA,NA,NA,NA,NA,NA,NA,NA,NA,NA,NA,NA,NA,NA,NA,NA,NA,NA,NA,NA,NA,NA,NA,NA,NA,NA,NA,NA,NA,NA,NA,NA,NA,NA,NA,NA,NA,NA,NA,NA,NA,NA,NA,NA,NA,NA,NA,NA,NA,NA,NA,NA,NA,NA,NA,NA,NA,NA,NA,NA,NA,NA,NA,NA,NA,NA,NA,NA,NA,NA,NA,NA,NA,NA,NA,NA,NA,NA,NA,NA,NA,NA,NA,NA,NA,NA,NA,NA,NA,NA,NA,NA,NA,NA,NA,NA,NA,NA,NA,NA,NA,NA,NA,NA,NA,NA,NA,NA,NA,NA,NA,NA,NA,NA,NA,NA,NA,NA,NA,NA,NA,NA,NA,NA,NA,NA,NA,NA,NA,NA,NA,NA,NA,NA,NA,NA,NA,NA,NA,NA,NA,NA,NA,NA,NA,NA,NA,NA,NA,NA,NA,NA,NA,NA,NA,NA,NA,NA,NA,NA,NA,NA,NA,NA,NA,NA,NA,NA,NA,NA,NA,NA,NA,NA,NA,NA,NA,NA,NA,NA,NA,NA,NA,NA,NA,NA,NA,NA,NA,NA,NA,NA,NA,NA,NA,NA,NA,NA,NA,NA,NA,NA,NA,NA,NA,NA,NA,NA,NA,NA,NA,NA,NA,NA,NA,NA,NA,NA,NA,-0.342176543696038,0.998811331218922,1,NA,NA,NA,NA,NA,NA,NA,NA,NA,NA,NA,NA,NA,NA,NA,NA,NA,NA,NA,NA,NA,NA,NA,NA,NA,NA,NA,NA,NA,NA,NA,NA,NA,NA,NA,NA,NA,NA,NA,NA,NA,NA,NA,NA,NA,NA,NA,NA,NA,NA
"test3",FALSE,TRUE,2025-11-04 10:49:20,2025-11-04 10:53:27,0,"de",NA,"2222",5672,FALSE,"5555",2493,FALSE,"55555",89725,FALSE,"55555",37648,FALSE,"632541",685137,FALSE,"666666",816249,FALSE,"666666",824759,FALSE,"666666",264758,FALSE,"6666666",7621439,FALSE,"5555555",3175826,FALSE,"5555555",9517372,FALSE,"5555555",9378418,FALSE,0,12,"hand","64-lr","l","l",TRUE,"hand","64-lr","l","r",FALSE,"position","64-lr","66","64",FALSE,"hand","5-l","l","l",TRUE,NA,NA,NA,NA,NA,NA,NA,NA,NA,NA,NA,NA,NA,NA,NA,"position","5-l","5","5",TRUE,"hand","52-lr","l","l",TRUE,"hand","52-lr","l","r",FALSE,NA,NA,NA,NA,NA,NA,NA,NA,NA,NA,NA,NA,NA,NA,NA,"position","52-lr","23","52",FALSE,"hand","2-r","l","r",FALSE,NA,NA,NA,NA,NA,NA,NA,NA,NA,NA,NA,NA,NA,NA,NA,NA,NA,NA,NA,NA,NA,NA,NA,NA,NA,NA,NA,NA,NA,NA,"position","2-r","6","2",FALSE,"hand","6-l","l","l",TRUE,NA,NA,NA,NA,NA,NA,NA,NA,NA,NA,NA,NA,NA,NA,NA,NA,NA,NA,NA,NA,NA,NA,NA,NA,NA,"position","6-l","5","6",FALSE,"hand","3-r","l","r",FALSE,NA,NA,NA,NA,NA,NA,NA,NA,NA,NA,NA,NA,NA,NA,NA,NA,NA,NA,NA,NA,NA,NA,NA,NA,NA,NA,NA,NA,NA,NA,"position","3-r","6","3",FALSE,"hand","4-l","l","l",TRUE,NA,NA,NA,NA,NA,NA,NA,NA,NA,NA,NA,NA,NA,NA,NA,NA,NA,NA,NA,NA,NA,NA,NA,NA,NA,NA,NA,NA,NA,NA,"position","4-l","4","4",TRUE,"hand","62-lr","l","l",TRUE,"hand","62-lr","l","r",FALSE,NA,NA,NA,NA,NA,NA,NA,NA,NA,NA,NA,NA,NA,NA,NA,NA,NA,NA,NA,NA,NA,NA,NA,NA,NA,NA,NA,NA,NA,NA,"position","62-lr","54","62",FALSE,-0.940997920214058,0.365741987211369,8,NA,NA,NA,NA,NA,NA,NA,NA,NA,NA,NA,NA,NA,NA,NA,NA,NA,NA,NA,NA,NA,NA,NA,NA,NA,NA,NA,NA,NA,NA,NA,NA,NA,NA,NA,NA,NA,NA,NA,NA,NA,NA,NA,NA,NA,NA,NA,NA,NA,NA
"7863601",FALSE,TRUE,2025-11-04 11:28:09,2025-11-04 11:39:59,0,"de",NA,"5672",5672,TRUE,"2493",2493,TRUE,"89725",89725,TRUE,"37648",37648,TRUE,"800007",685137,FALSE,"816429",816249,FALSE,"824759",824759,TRUE,"264758",264758,TRUE,"7621439",7621439,TRUE,"3175826",3175826,TRUE,"9000372",9517372,FALSE,"9378417",9378418,FALSE,0.666666666666667,12,"hand","31-rr","r","r",TRUE,"hand","31-rr","r","r",TRUE,"position","31-rr","31","31",TRUE,"hand","6313-llrr","l","l",TRUE,"hand","6313-llrr","l","l",TRUE,"hand","6313-llrr","r","r",TRUE,"hand","6313-llrr","r","r",TRUE,"position","6313-llrr","6313","6313",TRUE,"hand","46364-rrlrr","r","r",TRUE,"hand","46364-rrlrr","r","r",TRUE,"hand","46364-rrlrr","l","l",TRUE,"hand","46364-rrlrr","r","r",TRUE,"hand","46364-rrlrr","r","r",TRUE,"position","46364-rrlrr","46364","46364",TRUE,"hand","4635346-rrrrlrr","r","r",TRUE,"hand","4635346-rrrrlrr","r","r",TRUE,"hand","4635346-rrrrlrr","r","r",TRUE,"hand","4635346-rrrrlrr","r","r",TRUE,"hand","4635346-rrrrlrr","l","l",TRUE,"hand","4635346-rrrrlrr","r","r",TRUE,"hand","4635346-rrrrlrr","r","r",TRUE,"position","4635346-rrrrlrr","4635346","4635346",TRUE,"hand","43434121-rrlrlllr","r","r",TRUE,"hand","43434121-rrlrlllr","r","r",TRUE,"hand","43434121-rrlrlllr","l","l",TRUE,"hand","43434121-rrlrlllr","r","r",TRUE,"hand","43434121-rrlrlllr","l","l",TRUE,"hand","43434121-rrlrlllr","l","l",TRUE,"position","43434121-rrlrlllr","43434121","43434121",TRUE,"hand","463512136-llllllrrr","l","l",TRUE,"hand","463512136-llllllrrr","l","l",TRUE,"hand","463512136-llllllrrr","l","l",TRUE,"hand","463512136-llllllrrr","l","l",TRUE,"hand","463512136-llllllrrr","l","l",TRUE,"hand","463512136-llllllrrr","l","l",TRUE,"hand","463512136-llllllrrr","r","r",TRUE,"position","463512136-llllllrrr","463512636","463512136",FALSE,"hand","31542435-rlrrlrll","r","r",TRUE,"hand","31542435-rlrrlrll","l","l",TRUE,"hand","31542435-rlrrlrll","r","r",TRUE,"hand","31542435-rlrrlrll","r","r",TRUE,"hand","31542435-rlrrlrll","l","l",TRUE,"hand","31542435-rlrrlrll","r","r",TRUE,"hand","31542435-rlrrlrll","l","l",TRUE,"position","31542435-rlrrlrll","34424555","31542435",FALSE,"hand","1436216-llrrrll","l","l",TRUE,"hand","1436216-llrrrll","l","l",TRUE,"hand","1436216-llrrrll","r","r",TRUE,"hand","1436216-llrrrll","r","r",TRUE,"hand","1436216-llrrrll","r","r",TRUE,"hand","1436216-llrrrll","l","l",TRUE,"hand","1436216-llrrrll","l","l",TRUE,NA,NA,NA,NA,NA,"position","1436216-llrrrll","1462165","1436216",FALSE,1.5191542080481,0.355563576207652,8,"hand","43434121-rrlrlllr","l","l",TRUE,"hand","43434121-rrlrlllr","r","r",TRUE,"hand","463512136-llllllrrr","r","r",TRUE,"hand","463512136-llllllrrr","r","r",TRUE,"hand","31542435-rlrrlrll","l","l",TRUE,NA,NA,NA,NA,NA,NA,NA,NA,NA,NA,NA,NA,NA,NA,NA,NA,NA,NA,NA,NA,NA,NA,NA,NA,NA
"7875685",FALSE,TRUE,2025-11-04 13:28:08,2025-11-04 13:47:54,0,"de",NA,"5672",5672,TRUE,"2493",2493,TRUE,"89725",89725,TRUE,"37648",37648,TRUE,"685137",685137,TRUE,"816249",816249,TRUE,"824759",824759,TRUE,"264758",264758,TRUE,"7621439",7621439,TRUE,"3175826",3175826,TRUE,"9517372",9517372,TRUE,"9378418",9378418,TRUE,1,12,"hand","36-rl","r","r",TRUE,"hand","36-rl","l","l",TRUE,"position","36-rl","36","36",TRUE,"hand","1253-lrlr","l","l",TRUE,"hand","1253-lrlr","r","r",TRUE,"hand","1253-lrlr","l","l",TRUE,"hand","1253-lrlr","r","r",TRUE,"position","1253-lrlr","1253","1253",TRUE,"hand","42165-rrlrr","r","r",TRUE,"hand","42165-rrlrr","r","r",TRUE,"hand","42165-rrlrr","l","l",TRUE,"hand","42165-rrlrr","r","r",TRUE,"hand","42165-rrlrr","r","r",TRUE,"position","42165-rrlrr","42165","42165",TRUE,"hand","5425315-rrllrll","r","r",TRUE,"hand","5425315-rrllrll","r","r",TRUE,"hand","5425315-rrllrll","l","l",TRUE,"hand","5425315-rrllrll","l","l",TRUE,"hand","5425315-rrllrll","r","r",TRUE,"hand","5425315-rrllrll","l","l",TRUE,"hand","5425315-rrllrll","l","l",TRUE,"position","5425315-rrllrll","5425315","5425315",TRUE,"hand","43434121-rrlrlllr","r","r",TRUE,"hand","43434121-rrlrlllr","r","r",TRUE,"hand","43434121-rrlrlllr","l","l",TRUE,"hand","43434121-rrlrlllr","r","r",TRUE,"hand","43434121-rrlrlllr","l","l",TRUE,"hand","43434121-rrlrlllr","l","l",TRUE,"position","43434121-rrlrlllr","43434121","43434121",TRUE,"hand","463512136-llllllrrr","l","l",TRUE,"hand","463512136-llllllrrr","l","l",TRUE,"hand","463512136-llllllrrr","l","l",TRUE,"hand","463512136-llllllrrr","l","l",TRUE,"hand","463512136-llllllrrr","l","l",TRUE,"hand","463512136-llllllrrr","l","l",TRUE,"hand","463512136-llllllrrr","r","r",TRUE,"position","463512136-llllllrrr","463512136","463512136",TRUE,"hand","6452341326-lrrlrrrlrl","l","l",TRUE,"hand","6452341326-lrrlrrrlrl","r","r",TRUE,"hand","6452341326-lrrlrrrlrl","r","r",TRUE,"hand","6452341326-lrrlrrrlrl","l","l",TRUE,"hand","6452341326-lrrlrrrlrl","r","r",TRUE,"hand","6452341326-lrrlrrrlrl","r","r",TRUE,"hand","6452341326-lrrlrrrlrl","r","r",TRUE,"position","6452341326-lrrlrrrlrl","6452341326","6452341326",TRUE,"hand","26516165312-lllllrrrrrl","l","l",TRUE,"hand","26516165312-lllllrrrrrl","l","l",TRUE,"hand","26516165312-lllllrrrrrl","l","l",TRUE,"hand","26516165312-lllllrrrrrl","l","l",TRUE,"hand","26516165312-lllllrrrrrl","l","l",TRUE,"hand","26516165312-lllllrrrrrl","r","r",TRUE,"hand","26516165312-lllllrrrrrl","r","r",TRUE,"hand","26516165312-lllllrrrrrl","r","r",TRUE,"position","26516165312-lllllrrrrrl","26516165312","26516165312",TRUE,3.09022742109427,0.732221912830419,8,"hand","43434121-rrlrlllr","l","l",TRUE,"hand","43434121-rrlrlllr","r","r",TRUE,"hand","463512136-llllllrrr","r","r",TRUE,"hand","463512136-llllllrrr","r","r",TRUE,"hand","6452341326-lrrlrrrlrl","l","l",TRUE,"hand","26516165312-lllllrrrrrl","r","r",TRUE,"hand","6452341326-lrrlrrrlrl","r","r",TRUE,"hand","6452341326-lrrlrrrlrl","l","l",TRUE,"hand","26516165312-lllllrrrrrl","r","r",TRUE,"hand","26516165312-lllllrrrrrl","l","l",TRUE
"7856435",FALSE,TRUE,2025-11-04 13:51:24,2025-11-04 14:09:13,2,"de",NA,"5627",5672,FALSE,"2498",2493,FALSE,"89702",89725,FALSE,"37600",37648,FALSE,"656852",685137,FALSE,"862700",816249,FALSE,"824599",824759,FALSE,"264620",264758,FALSE,"7698031",7621439,FALSE,"3170000",3175826,FALSE,"9157237",9517372,FALSE,"0880020",9378418,FALSE,0,12,"hand","13-rr","r","r",TRUE,"hand","13-rr","r","r",TRUE,"position","13-rr","13","13",TRUE,"hand","1253-lrlr","l","l",TRUE,"hand","1253-lrlr","r","r",TRUE,"hand","1253-lrlr","l","l",TRUE,"hand","1253-lrlr","r","r",TRUE,"position","1253-lrlr","1353","1253",FALSE,"hand","632-llr","l","l",TRUE,"hand","632-llr","l","l",TRUE,"hand","632-llr","r","r",TRUE,NA,NA,NA,NA,NA,NA,NA,NA,NA,NA,"position","632-llr","641","632",FALSE,"hand","51-rr","r","r",TRUE,"hand","51-rr","r","r",TRUE,NA,NA,NA,NA,NA,NA,NA,NA,NA,NA,NA,NA,NA,NA,NA,NA,NA,NA,NA,NA,NA,NA,NA,NA,NA,"position","51-rr","51","51",TRUE,"hand","214-lrl","l","l",TRUE,"hand","214-lrl","r","r",TRUE,"hand","214-lrl","l","l",TRUE,NA,NA,NA,NA,NA,NA,NA,NA,NA,NA,NA,NA,NA,NA,NA,"position","214-lrl","164","214",FALSE,"hand","36-rl","r","r",TRUE,"hand","36-rl","l","l",TRUE,NA,NA,NA,NA,NA,NA,NA,NA,NA,NA,NA,NA,NA,NA,NA,NA,NA,NA,NA,NA,NA,NA,NA,NA,NA,"position","36-rl","36","36",TRUE,"hand","345-rll","r","r",TRUE,"hand","345-rll","l","l",TRUE,"hand","345-rll","l","l",TRUE,NA,NA,NA,NA,NA,NA,NA,NA,NA,NA,NA,NA,NA,NA,NA,NA,NA,NA,NA,NA,"position","345-rll","346","345",FALSE,"hand","52-lr","l","l",TRUE,"hand","52-lr","r","r",TRUE,NA,NA,NA,NA,NA,NA,NA,NA,NA,NA,NA,NA,NA,NA,NA,NA,NA,NA,NA,NA,NA,NA,NA,NA,NA,NA,NA,NA,NA,NA,"position","52-lr","52","52",TRUE,0.288273808692023,0.311904581713778,8,NA,NA,NA,NA,NA,NA,NA,NA,NA,NA,NA,NA,NA,NA,NA,NA,NA,NA,NA,NA,NA,NA,NA,NA,NA,NA,NA,NA,NA,NA,NA,NA,NA,NA,NA,NA,NA,NA,NA,NA,NA,NA,NA,NA,NA,NA,NA,NA,NA,NA
"8017461",FALSE,TRUE,2025-11-04 16:13:22,2025-11-04 16:36:39,0,"de",NA,"5672",5672,TRUE,"2493",2493,TRUE,"89725",89725,TRUE,"37648",37648,TRUE,"685137",685137,TRUE,"816249",816249,TRUE,"824759",824759,TRUE,"264758",264758,TRUE,"7621439",7621439,TRUE,"3751262",3175826,FALSE,"9130377",9517372,FALSE,"9371418",9378418,FALSE,0.75,12,"hand","36-rl","r","r",TRUE,"hand","36-rl","l","l",TRUE,"position","36-rl","36","36",TRUE,"hand","3145-rrrr","r","r",TRUE,"hand","3145-rrrr","r","r",TRUE,"hand","3145-rrrr","r","r",TRUE,"hand","3145-rrrr","r","r",TRUE,"position","3145-rrrr","3145","3145",TRUE,"hand","15646-rllrl","r","r",TRUE,"hand","15646-rllrl","l","l",TRUE,"hand","15646-rllrl","l","l",TRUE,"hand","15646-rllrl","r","r",TRUE,"hand","15646-rllrl","l","l",TRUE,"position","15646-rllrl","15646","15646",TRUE,"hand","5213215-rrllrrl","r","r",TRUE,"hand","5213215-rrllrrl","r","r",TRUE,"hand","5213215-rrllrrl","l","l",TRUE,"hand","5213215-rrllrrl","l","l",TRUE,"hand","5213215-rrllrrl","r","r",TRUE,"hand","5213215-rrllrrl","r","r",TRUE,"hand","5213215-rrllrrl","l","l",TRUE,"position","5213215-rrllrrl","2513516","5213215",FALSE,"hand","531641-rrrrrl","r","r",TRUE,"hand","531641-rrrrrl","r","r",TRUE,"hand","531641-rrrrrl","r","r",TRUE,"hand","531641-rrrrrl","l","r",FALSE,"hand","531641-rrrrrl","r","r",TRUE,"hand","531641-rrrrrl","l","l",TRUE,"position","531641-rrrrrl","135641","531641",FALSE,"hand","32142-llrrl","l","l",TRUE,"hand","32142-llrrl","l","l",TRUE,"hand","32142-llrrl","r","r",TRUE,"hand","32142-llrrl","r","r",TRUE,"hand","32142-llrrl","l","l",TRUE,NA,NA,NA,NA,NA,NA,NA,NA,NA,NA,"position","32142-llrrl","31422","32142",FALSE,"hand","6313-llrr","l","l",TRUE,"hand","6313-llrr","l","l",TRUE,"hand","6313-llrr","r","r",TRUE,"hand","6313-llrr","r","r",TRUE,NA,NA,NA,NA,NA,NA,NA,NA,NA,NA,NA,NA,NA,NA,NA,"position","6313-llrr","3613","6313",FALSE,"hand","1253-lrlr","l","l",TRUE,"hand","1253-lrlr","r","r",TRUE,"hand","1253-lrlr","l","l",TRUE,"hand","1253-lrlr","r","r",TRUE,NA,NA,NA,NA,NA,NA,NA,NA,NA,NA,NA,NA,NA,NA,NA,NA,NA,NA,NA,NA,"position","1253-lrlr","2513","1253",FALSE,0.565831838240393,0.336051247523944,8,NA,NA,NA,NA,NA,NA,NA,NA,NA,NA,NA,NA,NA,NA,NA,NA,NA,NA,NA,NA,NA,NA,NA,NA,NA,NA,NA,NA,NA,NA,NA,NA,NA,NA,NA,NA,NA,NA,NA,NA,NA,NA,NA,NA,NA,NA,NA,NA,NA,NA
"8000003",FALSE,TRUE,2025-11-04 20:51:15,2025-11-04 21:02:08,0,"de",NA,"5627",5672,FALSE,"2493",2493,TRUE,"89752",89725,FALSE,"37648",37648,TRUE,"685731",685137,FALSE,"816249",816249,TRUE,"824759",824759,TRUE,"246578",264758,FALSE,"0000760",7621439,FALSE,"2175286",3175826,FALSE,"4591727",9517372,FALSE,"9378481",9378418,FALSE,0.333333333333333,12,"hand","36-rl","r","r",TRUE,"hand","36-rl","l","l",TRUE,"position","36-rl","36","36",TRUE,"hand","3145-rrrr","r","r",TRUE,"hand","3145-rrrr","r","r",TRUE,"hand","3145-rrrr","r","r",TRUE,"hand","3145-rrrr","r","r",TRUE,"position","3145-rrrr","3145","3145",TRUE,"hand","32164-lrrll","l","l",TRUE,"hand","32164-lrrll","r","r",TRUE,"hand","32164-lrrll","r","r",TRUE,"hand","32164-lrrll","l","l",TRUE,"hand","32164-lrrll","l","l",TRUE,"position","32164-lrrll","31645","32164",FALSE,"hand","6541-lrrr","l","l",TRUE,"hand","6541-lrrr","r","r",TRUE,"hand","6541-lrrr","r","r",TRUE,"hand","6541-lrrr","r","r",TRUE,NA,NA,NA,NA,NA,NA,NA,NA,NA,NA,NA,NA,NA,NA,NA,"position","6541-lrrr","6541","6541",TRUE,"hand","24124-lllrl","l","l",TRUE,"hand","24124-lllrl","l","l",TRUE,"hand","24124-lllrl","l","l",TRUE,"hand","24124-lllrl","r","r",TRUE,"hand","24124-lllrl","l","l",TRUE,NA,NA,NA,NA,NA,"position","24124-lllrl","24124","24124",TRUE,"hand","653624-llrrrl","l","l",TRUE,"hand","653624-llrrrl","l","l",TRUE,"hand","653624-llrrrl","r","r",TRUE,"hand","653624-llrrrl","r","r",TRUE,"hand","653624-llrrrl","r","r",TRUE,"hand","653624-llrrrl","l","l",TRUE,NA,NA,NA,NA,NA,"position","653624-llrrrl","256364","653624",FALSE,"hand","42165-rrlrr","r","r",TRUE,"hand","42165-rrlrr","r","r",TRUE,"hand","42165-rrlrr","l","l",TRUE,"hand","42165-rrlrr","r","r",TRUE,"hand","42165-rrlrr","r","r",TRUE,NA,NA,NA,NA,NA,NA,NA,NA,NA,NA,"position","42165-rrlrr","42165","42165",TRUE,"hand","656432-rrrrlr","r","r",TRUE,"hand","656432-rrrrlr","r","r",TRUE,"hand","656432-rrrrlr","r","r",TRUE,"hand","656432-rrrrlr","r","r",TRUE,"hand","656432-rrrrlr","l","l",TRUE,"hand","656432-rrrrlr","r","r",TRUE,NA,NA,NA,NA,NA,NA,NA,NA,NA,NA,"position","656432-rrrrlr","656543","656432",FALSE,1.02517416270178,0.328442536308148,8,NA,NA,NA,NA,NA,NA,NA,NA,NA,NA,NA,NA,NA,NA,NA,NA,NA,NA,NA,NA,NA,NA,NA,NA,NA,NA,NA,NA,NA,NA,NA,NA,NA,NA,NA,NA,NA,NA,NA,NA,NA,NA,NA,NA,NA,NA,NA,NA,NA,NA
"7075980",FALSE,TRUE,2025-11-04 21:18:04,2025-11-04 21:41:35,1,"de",NA,"5672",5672,TRUE,"2493",2493,TRUE,"89725",89725,TRUE,"37642",37648,FALSE,"685137",685137,TRUE,"816249",816249,TRUE,"824759",824759,TRUE,"264758",264758,TRUE,"7621439",7621439,TRUE,"3175826",3175826,TRUE,"9517372",9517372,TRUE,"9378418",9378418,TRUE,0.916666666666667,12,"hand","62-lr","l","l",TRUE,"hand","62-lr","r","r",TRUE,"position","62-lr","62","62",TRUE,"hand","6541-lrrr","l","l",TRUE,"hand","6541-lrrr","r","r",TRUE,"hand","6541-lrrr","r","r",TRUE,"hand","6541-lrrr","r","r",TRUE,"position","6541-lrrr","6541","6541",TRUE,"hand","23413-lrlrl","l","l",TRUE,"hand","23413-lrlrl","r","r",TRUE,"hand","23413-lrlrl","l","l",TRUE,"hand","23413-lrlrl","r","r",TRUE,"hand","23413-lrlrl","l","l",TRUE,"position","23413-lrlrl","23413","23413",TRUE,"hand","3156124-llrlrrl","l","l",TRUE,"hand","3156124-llrlrrl","l","l",TRUE,"hand","3156124-llrlrrl","r","r",TRUE,"hand","3156124-llrlrrl","l","l",TRUE,"hand","3156124-llrlrrl","r","r",TRUE,"hand","3156124-llrlrrl","r","r",TRUE,"hand","3156124-llrlrrl","l","l",TRUE,"position","3156124-llrlrrl","3454241","3156124",FALSE,"hand","542561-lrllll","l","l",TRUE,"hand","542561-lrllll","r","r",TRUE,"hand","542561-lrllll","l","l",TRUE,"hand","542561-lrllll","l","l",TRUE,"hand","542561-lrllll","l","l",TRUE,"hand","542561-lrllll","l","l",TRUE,"position","542561-lrllll","542561","542561",TRUE,"hand","1632164-rlllrrr","r","r",TRUE,"hand","1632164-rlllrrr","l","l",TRUE,"hand","1632164-rlllrrr","l","l",TRUE,"hand","1632164-rlllrrr","l","l",TRUE,"hand","1632164-rlllrrr","r","r",TRUE,"hand","1632164-rlllrrr","r","r",TRUE,"hand","1632164-rlllrrr","r","r",TRUE,"position","1632164-rlllrrr","1632164","1632164",TRUE,"hand","6123414-rrrllrl","r","r",TRUE,"hand","6123414-rrrllrl","r","r",TRUE,"hand","6123414-rrrllrl","r","r",TRUE,"hand","6123414-rrrllrl","l","l",TRUE,"hand","6123414-rrrllrl","l","l",TRUE,"hand","6123414-rrrllrl","r","r",TRUE,"hand","6123414-rrrllrl","l","l",TRUE,"position","6123414-rrrllrl","6123414","6123414",TRUE,"hand","31542435-rlrrlrll","r","r",TRUE,"hand","31542435-rlrrlrll","l","l",TRUE,"hand","31542435-rlrrlrll","r","r",TRUE,"hand","31542435-rlrrlrll","r","r",TRUE,"hand","31542435-rlrrlrll","l","l",TRUE,"hand","31542435-rlrrlrll","r","r",TRUE,"hand","31542435-rlrrlrll","l","l",TRUE,"hand","31542435-rlrrlrll","l","l",TRUE,"position","31542435-rlrrlrll","31542435","31542435",TRUE,1.934642693726,0.433653556797031,8,NA,NA,NA,NA,NA,NA,NA,NA,NA,NA,NA,NA,NA,NA,NA,NA,NA,NA,NA,NA,NA,NA,NA,NA,NA,NA,NA,NA,NA,NA,NA,NA,NA,NA,NA,NA,NA,NA,NA,NA,NA,NA,NA,NA,NA,NA,NA,NA,NA,NA
"8000224",FALSE,TRUE,2025-11-05 07:19:21,2025-11-05 07:27:00,0,"de",NA,"5762",5672,FALSE,"2942",2493,FALSE,"89752",89725,FALSE,"38422",37648,FALSE,"687531",685137,FALSE,"816795",816249,FALSE,"829754",824759,FALSE,"268752",264758,FALSE,"7294539",7621439,FALSE,"3178521",3175826,FALSE,"9517371",9517372,FALSE,"9320000",9378418,FALSE,0,12,"hand","31-rr","r","r",TRUE,"hand","31-rr","l","r",FALSE,"position","31-rr","11","31",FALSE,"hand","5-l","l","l",TRUE,NA,NA,NA,NA,NA,NA,NA,NA,NA,NA,NA,NA,NA,NA,NA,"position","5-l","5","5",TRUE,"hand","45-ll","l","l",TRUE,"hand","45-ll","l","l",TRUE,NA,NA,NA,NA,NA,NA,NA,NA,NA,NA,NA,NA,NA,NA,NA,"position","45-ll","45","45",TRUE,"hand","13-rr","l","r",FALSE,"hand","13-rr","l","r",FALSE,NA,NA,NA,NA,NA,NA,NA,NA,NA,NA,NA,NA,NA,NA,NA,NA,NA,NA,NA,NA,NA,NA,NA,NA,NA,"position","13-rr","13","13",TRUE,"hand","214-lrl","l","l",TRUE,"hand","214-lrl","l","r",FALSE,"hand","214-lrl","l","l",TRUE,NA,NA,NA,NA,NA,NA,NA,NA,NA,NA,NA,NA,NA,NA,NA,"position","214-lrl","214","214",TRUE,"hand","6313-llrr","l","l",TRUE,"hand","6313-llrr","l","l",TRUE,"hand","6313-llrr","l","r",FALSE,"hand","6313-llrr","l","r",FALSE,NA,NA,NA,NA,NA,NA,NA,NA,NA,NA,NA,NA,NA,NA,NA,"position","6313-llrr","6313","6313",TRUE,"hand","3624-rrlr","r","r",TRUE,"hand","3624-rrlr","l","r",FALSE,"hand","3624-rrlr","l","l",TRUE,"hand","3624-rrlr","l","r",FALSE,NA,NA,NA,NA,NA,NA,NA,NA,NA,NA,NA,NA,NA,NA,NA,"position","3624-rrlr","6246","3624",FALSE,"hand","5413-rlll","l","r",FALSE,"hand","5413-rlll","l","l",TRUE,"hand","5413-rlll","l","l",TRUE,"hand","5413-rlll","l","l",TRUE,NA,NA,NA,NA,NA,NA,NA,NA,NA,NA,NA,NA,NA,NA,NA,NA,NA,NA,NA,NA,"position","5413-rlll","5413","5413",TRUE,0.761994152639703,0.361434646707709,8,NA,NA,NA,NA,NA,NA,NA,NA,NA,NA,NA,NA,NA,NA,NA,NA,NA,NA,NA,NA,NA,NA,NA,NA,NA,NA,NA,NA,NA,NA,NA,NA,NA,NA,NA,NA,NA,NA,NA,NA,NA,NA,NA,NA,NA,NA,NA,NA,NA,NA
"7999988",FALSE,TRUE,2025-11-05 10:02:43,2025-11-05 20:11:31,1,"de",NA,"5672",5672,TRUE,"2493",2493,TRUE,"89425",89725,FALSE,"37648",37648,TRUE,"651837",685137,FALSE,"816249",816249,TRUE,"824599",824759,FALSE,"264580",264758,FALSE,"9612563",7621439,FALSE,"3178256",3175826,FALSE,"9517371",9517372,FALSE,"9378418",9378418,TRUE,0.416666666666667,12,"hand","45-ll","l","l",TRUE,"hand","45-ll","l","l",TRUE,"position","45-ll","45","45",TRUE,"hand","4641-rrrl","r","r",TRUE,"hand","4641-rrrl","r","r",TRUE,"hand","4641-rrrl","r","r",TRUE,"hand","4641-rrrl","l","l",TRUE,"position","4641-rrrl","3641","4641",FALSE,"hand","214-lrl","l","l",TRUE,"hand","214-lrl","r","r",TRUE,"hand","214-lrl","l","l",TRUE,NA,NA,NA,NA,NA,NA,NA,NA,NA,NA,"position","214-lrl","241","214",FALSE,"hand","13-rr","r","r",TRUE,"hand","13-rr","r","r",TRUE,NA,NA,NA,NA,NA,NA,NA,NA,NA,NA,NA,NA,NA,NA,NA,NA,NA,NA,NA,NA,NA,NA,NA,NA,NA,"position","13-rr","63","13",FALSE,"hand","52-lr","l","l",TRUE,"hand","52-lr","r","r",TRUE,NA,NA,NA,NA,NA,NA,NA,NA,NA,NA,NA,NA,NA,NA,NA,NA,NA,NA,NA,NA,"position","52-lr","52","52",TRUE,"hand","64-lr","l","l",TRUE,"hand","64-lr","r","r",TRUE,NA,NA,NA,NA,NA,NA,NA,NA,NA,NA,NA,NA,NA,NA,NA,NA,NA,NA,NA,NA,NA,NA,NA,NA,NA,"position","64-lr","64","64",TRUE,"hand","51-rr","r","r",TRUE,"hand","51-rr","r","r",TRUE,NA,NA,NA,NA,NA,NA,NA,NA,NA,NA,NA,NA,NA,NA,NA,NA,NA,NA,NA,NA,NA,NA,NA,NA,NA,"position","51-rr","51","51",TRUE,"hand","564-llr","r","l",FALSE,"hand","564-llr","l","l",TRUE,"hand","564-llr","r","r",TRUE,NA,NA,NA,NA,NA,NA,NA,NA,NA,NA,NA,NA,NA,NA,NA,NA,NA,NA,NA,NA,NA,NA,NA,NA,NA,"position","564-llr","564","564",TRUE,0.461028435895978,0.32038743721399,8,NA,NA,NA,NA,NA,NA,NA,NA,NA,NA,NA,NA,NA,NA,NA,NA,NA,NA,NA,NA,NA,NA,NA,NA,NA,NA,NA,NA,NA,NA,NA,NA,NA,NA,NA,NA,NA,NA,NA,NA,NA,NA,NA,NA,NA,NA,NA,NA,NA,NA
"7745919",FALSE,TRUE,2025-11-06 11:30:27,2025-11-06 11:53:29,0,"de",NA,"5672",5672,TRUE,"2493",2493,TRUE,"89725",89725,TRUE,"37648",37648,TRUE,"685137",685137,TRUE,"816246",816249,FALSE,"824759",824759,TRUE,"264758",264758,TRUE,"7623459",7621439,FALSE,"3175826",3175826,TRUE,"9517372",9517372,TRUE,"9378418",9378418,TRUE,0.833333333333333,12,"hand","64-lr","l","l",TRUE,"hand","64-lr","r","r",TRUE,"position","64-lr","64","64",TRUE,"hand","3145-rrrr","r","r",TRUE,"hand","3145-rrrr","r","r",TRUE,"hand","3145-rrrr","r","r",TRUE,"hand","3145-rrrr","r","r",TRUE,"position","3145-rrrr","3145","3145",TRUE,"hand","63653-rlrlr","r","r",TRUE,"hand","63653-rlrlr","l","l",TRUE,"hand","63653-rlrlr","r","r",TRUE,"hand","63653-rlrlr","l","l",TRUE,"hand","63653-rlrlr","r","r",TRUE,"position","63653-rlrlr","63653","63653",TRUE,"hand","1634213-llllrrl","l","l",TRUE,"hand","1634213-llllrrl","l","l",TRUE,"hand","1634213-llllrrl","l","l",TRUE,"hand","1634213-llllrrl","l","l",TRUE,"hand","1634213-llllrrl","r","r",TRUE,"hand","1634213-llllrrl","r","r",TRUE,"hand","1634213-llllrrl","l","l",TRUE,"position","1634213-llllrrl","1634213","1634213",TRUE,"hand","24341654-lrrlrlll","l","l",TRUE,"hand","24341654-lrrlrlll","r","r",TRUE,"hand","24341654-lrrlrlll","r","r",TRUE,"hand","24341654-lrrlrlll","l","l",TRUE,"hand","24341654-lrrlrlll","r","r",TRUE,"hand","24341654-lrrlrlll","l","l",TRUE,"position","24341654-lrrlrlll","24341654","24341654",TRUE,"hand","463512136-llllllrrr","l","l",TRUE,"hand","463512136-llllllrrr","l","l",TRUE,"hand","463512136-llllllrrr","l","l",TRUE,"hand","463512136-llllllrrr","l","l",TRUE,"hand","463512136-llllllrrr","l","l",TRUE,"hand","463512136-llllllrrr","l","l",TRUE,"hand","463512136-llllllrrr","r","r",TRUE,"position","463512136-llllllrrr","463512646","463512136",FALSE,"hand","63642543-lrrlrrll","l","l",TRUE,"hand","63642543-lrrlrrll","r","r",TRUE,"hand","63642543-lrrlrrll","r","r",TRUE,"hand","63642543-lrrlrrll","l","l",TRUE,"hand","63642543-lrrlrrll","r","r",TRUE,"hand","63642543-lrrlrrll","r","r",TRUE,"hand","63642543-lrrlrrll","l","l",TRUE,"position","63642543-lrrlrrll","63642543","63642543",TRUE,"hand","464213251-lllrrlrlr","l","l",TRUE,"hand","464213251-lllrrlrlr","l","l",TRUE,"hand","464213251-lllrrlrlr","l","l",TRUE,"hand","464213251-lllrrlrlr","r","r",TRUE,"hand","464213251-lllrrlrlr","r","r",TRUE,"hand","464213251-lllrrlrlr","l","l",TRUE,"hand","464213251-lllrrlrlr","r","r",TRUE,"hand","464213251-lllrrlrlr","l","l",TRUE,"position","464213251-lllrrlrlr","464213251","464213251",TRUE,2.21976631652536,0.443289245691469,8,"hand","24341654-lrrlrlll","l","l",TRUE,"hand","24341654-lrrlrlll","l","l",TRUE,"hand","463512136-llllllrrr","r","r",TRUE,"hand","463512136-llllllrrr","r","r",TRUE,"hand","63642543-lrrlrrll","l","l",TRUE,"hand","464213251-lllrrlrlr","r","r",TRUE,NA,NA,NA,NA,NA,NA,NA,NA,NA,NA,NA,NA,NA,NA,NA,NA,NA,NA,NA,NA
"7608741",FALSE,TRUE,2025-11-06 11:45:34,2025-11-06 11:56:56,0,"de",NA,"5672",5672,TRUE,"2493",2493,TRUE,"98752",89725,FALSE,"37693",37648,FALSE,"685137",685137,TRUE,"814000",816249,FALSE,"824759",824759,TRUE,"264579",264758,FALSE,"7621439",7621439,TRUE,"3175000",3175826,FALSE,"9537172",9517372,FALSE,"9378418",9378418,TRUE,0.5,12,"hand","36-rl","r","r",TRUE,"hand","36-rl","l","l",TRUE,"position","36-rl","36","36",TRUE,"hand","5346-llll","l","l",TRUE,"hand","5346-llll","l","l",TRUE,"hand","5346-llll","l","l",TRUE,"hand","5346-llll","l","l",TRUE,"position","5346-llll","5346","5346",TRUE,"hand","24124-lllrl","l","l",TRUE,"hand","24124-lllrl","l","l",TRUE,"hand","24124-lllrl","l","l",TRUE,"hand","24124-lllrl","r","r",TRUE,"hand","24124-lllrl","l","l",TRUE,"position","24124-lllrl","24124","24124",TRUE,"hand","1634213-llllrrl","l","l",TRUE,"hand","1634213-llllrrl","l","l",TRUE,"hand","1634213-llllrrl","l","l",TRUE,"hand","1634213-llllrrl","l","l",TRUE,"hand","1634213-llllrrl","r","r",TRUE,"hand","1634213-llllrrl","r","r",TRUE,"hand","1634213-llllrrl","l","l",TRUE,"position","1634213-llllrrl","1634123","1634213",FALSE,"hand","542561-lrllll","l","l",TRUE,"hand","542561-lrllll","r","r",TRUE,"hand","542561-lrllll","l","l",TRUE,"hand","542561-lrllll","l","l",TRUE,"hand","542561-lrllll","l","l",TRUE,"hand","542561-lrllll","l","l",TRUE,"position","542561-lrllll","524561","542561",FALSE,"hand","23413-lrlrl","l","l",TRUE,"hand","23413-lrlrl","r","r",TRUE,"hand","23413-lrlrl","l","l",TRUE,"hand","23413-lrlrl","r","r",TRUE,"hand","23413-lrlrl","l","l",TRUE,NA,NA,NA,NA,NA,NA,NA,NA,NA,NA,"position","23413-lrlrl","23413","23413",TRUE,"hand","345636-rrrrll","r","r",TRUE,"hand","345636-rrrrll","r","r",TRUE,"hand","345636-rrrrll","r","r",TRUE,"hand","345636-rrrrll","r","r",TRUE,"hand","345636-rrrrll","l","l",TRUE,"hand","345636-rrrrll","l","l",TRUE,NA,NA,NA,NA,NA,"position","345636-rrrrll","345366","345636",FALSE,"hand","62121-rllrl","r","r",TRUE,"hand","62121-rllrl","l","l",TRUE,"hand","62121-rllrl","l","l",TRUE,"hand","62121-rllrl","r","r",TRUE,"hand","62121-rllrl","l","l",TRUE,NA,NA,NA,NA,NA,NA,NA,NA,NA,NA,NA,NA,NA,NA,NA,"position","62121-rllrl","62121","62121",TRUE,1.1297310916798,0.332811546494175,8,NA,NA,NA,NA,NA,NA,NA,NA,NA,NA,NA,NA,NA,NA,NA,NA,NA,NA,NA,NA,NA,NA,NA,NA,NA,NA,NA,NA,NA,NA,NA,NA,NA,NA,NA,NA,NA,NA,NA,NA,NA,NA,NA,NA,NA,NA,NA,NA,NA,NA
"7628238",FALSE,TRUE,2025-11-06 13:01:51,2025-11-06 15:08:45,2,"de",NA,"5672",5672,TRUE,"2493",2493,TRUE,"89725",89725,TRUE,"37648",37648,TRUE,"685370",685137,FALSE,"816249",816249,TRUE,"827459",824759,FALSE,"246758",264758,FALSE,"7123089",7621439,FALSE,"2175836",3175826,FALSE,"9271700",9517372,FALSE,"9834780",9378418,FALSE,0.416666666666667,12,"hand","52-lr","l","l",TRUE,"hand","52-lr","r","r",TRUE,"position","52-lr","52","52",TRUE,"hand","1253-lrlr","l","l",TRUE,"hand","1253-lrlr","r","r",TRUE,"hand","1253-lrlr","l","l",TRUE,"hand","1253-lrlr","r","r",TRUE,"position","1253-lrlr","1253","1253",TRUE,"hand","63653-rlrlr","r","r",TRUE,"hand","63653-rlrlr","r","l",FALSE,"hand","63653-rlrlr","r","r",TRUE,"hand","63653-rlrlr","l","l",TRUE,"hand","63653-rlrlr","r","r",TRUE,"position","63653-rlrlr","63653","63653",TRUE,"hand","6123414-rrrllrl","r","r",TRUE,"hand","6123414-rrrllrl","r","r",TRUE,"hand","6123414-rrrllrl","r","r",TRUE,"hand","6123414-rrrllrl","l","l",TRUE,"hand","6123414-rrrllrl","l","l",TRUE,"hand","6123414-rrrllrl","r","r",TRUE,"hand","6123414-rrrllrl","l","l",TRUE,"position","6123414-rrrllrl","6123414","6123414",TRUE,"hand","43434121-rrlrlllr","r","r",TRUE,"hand","43434121-rrlrlllr","r","r",TRUE,"hand","43434121-rrlrlllr","l","l",TRUE,"hand","43434121-rrlrlllr","r","r",TRUE,"hand","43434121-rrlrlllr","l","l",TRUE,"hand","43434121-rrlrlllr","l","l",TRUE,"position","43434121-rrlrlllr","43431216","43434121",FALSE,"hand","1634213-llllrrl","l","l",TRUE,"hand","1634213-llllrrl","l","l",TRUE,"hand","1634213-llllrrl","l","l",TRUE,"hand","1634213-llllrrl","l","l",TRUE,"hand","1634213-llllrrl","r","r",TRUE,"hand","1634213-llllrrl","r","r",TRUE,"hand","1634213-llllrrl","r","l",FALSE,"position","1634213-llllrrl","6136424","1634213",FALSE,"hand","531641-rrrrrl","r","r",TRUE,"hand","531641-rrrrrl","r","r",TRUE,"hand","531641-rrrrrl","r","r",TRUE,"hand","531641-rrrrrl","r","r",TRUE,"hand","531641-rrrrrl","r","r",TRUE,"hand","531641-rrrrrl","l","l",TRUE,NA,NA,NA,NA,NA,"position","531641-rrrrrl","653146","531641",FALSE,"hand","656432-rrrrlr","r","r",TRUE,"hand","656432-rrrrlr","r","r",TRUE,"hand","656432-rrrrlr","r","r",TRUE,"hand","656432-rrrrlr","r","r",TRUE,"hand","656432-rrrrlr","l","l",TRUE,"hand","656432-rrrrlr","r","r",TRUE,NA,NA,NA,NA,NA,NA,NA,NA,NA,NA,"position","656432-rrrrlr","656432","656432",TRUE,1.31708674058396,0.342983397762512,8,"hand","43434121-rrlrlllr","l","l",TRUE,"hand","43434121-rrlrlllr","r","r",TRUE,NA,NA,NA,NA,NA,NA,NA,NA,NA,NA,NA,NA,NA,NA,NA,NA,NA,NA,NA,NA,NA,NA,NA,NA,NA,NA,NA,NA,NA,NA,NA,NA,NA,NA,NA,NA,NA,NA,NA,NA
"7530203",FALSE,TRUE,2025-11-06 15:24:13,2025-11-06 15:40:30,0,"de",NA,"5627",5672,FALSE,"2493",2493,TRUE,"89725",89725,TRUE,"37648",37648,TRUE,"851370",685137,FALSE,"862490",816249,FALSE,"247590",824759,FALSE,"264758",264758,TRUE,"7674399",7621439,FALSE,"3761000",3175826,FALSE,"9517377",9517372,FALSE,"9380550",9378418,FALSE,0.333333333333333,12,"hand","52-lr","l","l",TRUE,"hand","52-lr","r","r",TRUE,"position","52-lr","52","52",TRUE,"hand","5413-rlll","r","r",TRUE,"hand","5413-rlll","l","l",TRUE,"hand","5413-rlll","l","l",TRUE,"hand","5413-rlll","l","l",TRUE,"position","5413-rlll","5413","5413",TRUE,"hand","32142-llrrl","l","l",TRUE,"hand","32142-llrrl","l","l",TRUE,"hand","32142-llrrl","r","r",TRUE,"hand","32142-llrrl","r","r",TRUE,"hand","32142-llrrl","l","l",TRUE,"position","32142-llrrl","32142","32142",TRUE,"hand","1634213-llllrrl","l","l",TRUE,"hand","1634213-llllrrl","l","l",TRUE,"hand","1634213-llllrrl","l","l",TRUE,"hand","1634213-llllrrl","l","l",TRUE,"hand","1634213-llllrrl","r","r",TRUE,"hand","1634213-llllrrl","r","r",TRUE,"hand","1634213-llllrrl","l","l",TRUE,"position","1634213-llllrrl","1643213","1634213",FALSE,"hand","531641-rrrrrl","r","r",TRUE,"hand","531641-rrrrrl","r","r",TRUE,"hand","531641-rrrrrl","r","r",TRUE,"hand","531641-rrrrrl","r","r",TRUE,"hand","531641-rrrrrl","r","r",TRUE,"hand","531641-rrrrrl","l","l",TRUE,"position","531641-rrrrrl","536415","531641",FALSE,"hand","62121-rllrl","r","r",TRUE,"hand","62121-rllrl","l","l",TRUE,"hand","62121-rllrl","l","l",TRUE,"hand","62121-rllrl","r","r",TRUE,"hand","62121-rllrl","l","l",TRUE,NA,NA,NA,NA,NA,NA,NA,NA,NA,NA,"position","62121-rllrl","62121","62121",TRUE,"hand","345636-rrrrll","r","r",TRUE,"hand","345636-rrrrll","r","r",TRUE,"hand","345636-rrrrll","r","r",TRUE,"hand","345636-rrrrll","r","r",TRUE,"hand","345636-rrrrll","l","l",TRUE,"hand","345636-rrrrll","l","l",TRUE,NA,NA,NA,NA,NA,"position","345636-rrrrll","654363","345636",FALSE,"hand","15646-rllrl","r","r",TRUE,"hand","15646-rllrl","l","l",TRUE,"hand","15646-rllrl","l","l",TRUE,"hand","15646-rllrl","r","r",TRUE,"hand","15646-rllrl","l","l",TRUE,NA,NA,NA,NA,NA,NA,NA,NA,NA,NA,NA,NA,NA,NA,NA,"position","15646-rllrl","15646","15646",TRUE,1.1297310916798,0.332811546494175,8,NA,NA,NA,NA,NA,NA,NA,NA,NA,NA,NA,NA,NA,NA,NA,NA,NA,NA,NA,NA,NA,NA,NA,NA,NA,NA,NA,NA,NA,NA,NA,NA,NA,NA,NA,NA,NA,NA,NA,NA,NA,NA,NA,NA,NA,NA,NA,NA,NA,NA
"7731810",FALSE,TRUE,2025-11-06 19:54:11,2025-11-06 20:09:42,0,"de",NA,"5672",5672,TRUE,"2493",2493,TRUE,"87992",89725,FALSE,"37648",37648,TRUE,"685137",685137,TRUE,"816249",816249,TRUE,"824759",824759,TRUE,"264758",264758,TRUE,"6321495",7621439,FALSE,"8378364",3175826,FALSE,"9517327",9517372,FALSE,"9378418",9378418,TRUE,0.666666666666667,12,"hand","13-rr","r","r",TRUE,"hand","13-rr","r","r",TRUE,"position","13-rr","13","13",TRUE,"hand","3624-rrlr","r","r",TRUE,"hand","3624-rrlr","r","r",TRUE,"hand","3624-rrlr","l","l",TRUE,"hand","3624-rrlr","r","r",TRUE,"position","3624-rrlr","3624","3624",TRUE,"hand","14254-lllrl","l","l",TRUE,"hand","14254-lllrl","l","l",TRUE,"hand","14254-lllrl","l","l",TRUE,"hand","14254-lllrl","r","r",TRUE,"hand","14254-lllrl","l","l",TRUE,"position","14254-lllrl","14254","14254",TRUE,"hand","4635346-rrrrlrr","r","r",TRUE,"hand","4635346-rrrrlrr","r","r",TRUE,"hand","4635346-rrrrlrr","r","r",TRUE,"hand","4635346-rrrrlrr","r","r",TRUE,"hand","4635346-rrrrlrr","l","l",TRUE,"hand","4635346-rrrrlrr","r","r",TRUE,"hand","4635346-rrrrlrr","r","r",TRUE,"position","4635346-rrrrlrr","2534365","4635346",FALSE,"hand","656432-rrrrlr","r","r",TRUE,"hand","656432-rrrrlr","r","r",TRUE,"hand","656432-rrrrlr","r","r",TRUE,"hand","656432-rrrrlr","r","r",TRUE,"hand","656432-rrrrlr","l","l",TRUE,"hand","656432-rrrrlr","r","r",TRUE,"position","656432-rrrrlr","656432","656432",TRUE,"hand","1634213-llllrrl","l","l",TRUE,"hand","1634213-llllrrl","l","l",TRUE,"hand","1634213-llllrrl","l","l",TRUE,"hand","1634213-llllrrl","l","l",TRUE,"hand","1634213-llllrrl","r","r",TRUE,"hand","1634213-llllrrl","r","r",TRUE,"hand","1634213-llllrrl","l","l",TRUE,"position","1634213-llllrrl","1534213","1634213",FALSE,"hand","526454-lrrrlr","l","l",TRUE,"hand","526454-lrrrlr","r","r",TRUE,"hand","526454-lrrrlr","r","r",TRUE,"hand","526454-lrrrlr","r","r",TRUE,"hand","526454-lrrrlr","l","l",TRUE,"hand","526454-lrrrlr","r","r",TRUE,NA,NA,NA,NA,NA,"position","526454-lrrrlr","526454","526454",TRUE,"hand","1632164-rlllrrr","r","r",TRUE,"hand","1632164-rlllrrr","l","l",TRUE,"hand","1632164-rlllrrr","l","l",TRUE,"hand","1632164-rlllrrr","l","l",TRUE,"hand","1632164-rlllrrr","l","r",FALSE,"hand","1632164-rlllrrr","r","r",TRUE,"hand","1632164-rlllrrr","r","r",TRUE,NA,NA,NA,NA,NA,"position","1632164-rlllrrr","1632163","1632164",FALSE,1.28049631610861,0.337594254274102,8,NA,NA,NA,NA,NA,NA,NA,NA,NA,NA,NA,NA,NA,NA,NA,NA,NA,NA,NA,NA,NA,NA,NA,NA,NA,NA,NA,NA,NA,NA,NA,NA,NA,NA,NA,NA,NA,NA,NA,NA,NA,NA,NA,NA,NA,NA,NA,NA,NA,NA
"7886318",FALSE,TRUE,2025-11-07 12:54:47,2025-11-07 13:08:28,2,"de",NA,"5672",5672,TRUE,"2493",2493,TRUE,"89250",89725,FALSE,"37648",37648,TRUE,"681320",685137,FALSE,"816900",816249,FALSE,"847950",824759,FALSE,"264758",264758,TRUE,"7601409",7621439,FALSE,"3170580",3175826,FALSE,"9523170",9517372,FALSE,"9378418",9378418,TRUE,0.416666666666667,12,"hand","51-rr","r","r",TRUE,"hand","51-rr","r","r",TRUE,"position","51-rr","51","51",TRUE,"hand","4641-rrrl","r","r",TRUE,"hand","4641-rrrl","r","r",TRUE,"hand","4641-rrrl","r","r",TRUE,"hand","4641-rrrl","l","l",TRUE,"position","4641-rrrl","4641","4641",TRUE,"hand","62121-rllrl","r","r",TRUE,"hand","62121-rllrl","l","l",TRUE,"hand","62121-rllrl","l","l",TRUE,"hand","62121-rllrl","r","r",TRUE,"hand","62121-rllrl","l","l",TRUE,"position","62121-rllrl","62126","62121",FALSE,"hand","5413-rlll","r","r",TRUE,"hand","5413-rlll","l","l",TRUE,"hand","5413-rlll","l","l",TRUE,"hand","5413-rlll","l","l",TRUE,NA,NA,NA,NA,NA,NA,NA,NA,NA,NA,NA,NA,NA,NA,NA,"position","5413-rlll","5413","5413",TRUE,"hand","42165-rrlrr","r","r",TRUE,"hand","42165-rrlrr","r","r",TRUE,"hand","42165-rrlrr","l","l",TRUE,"hand","42165-rrlrr","r","r",TRUE,"hand","42165-rrlrr","r","r",TRUE,NA,NA,NA,NA,NA,"position","42165-rrlrr","41625","42165",FALSE,"hand","2626-lrlr","l","l",TRUE,"hand","2626-lrlr","r","r",TRUE,"hand","2626-lrlr","l","l",TRUE,"hand","2626-lrlr","r","r",TRUE,NA,NA,NA,NA,NA,NA,NA,NA,NA,NA,NA,NA,NA,NA,NA,"position","2626-lrlr","2626","2626",TRUE,"hand","46364-rrlrr","r","r",TRUE,"hand","46364-rrlrr","r","r",TRUE,"hand","46364-rrlrr","l","l",TRUE,"hand","46364-rrlrr","r","r",TRUE,"hand","46364-rrlrr","r","r",TRUE,NA,NA,NA,NA,NA,NA,NA,NA,NA,NA,"position","46364-rrlrr","46364","46364",TRUE,"hand","15646-rllrl","r","r",TRUE,"hand","15646-rllrl","l","l",TRUE,"hand","15646-rllrl","l","l",TRUE,"hand","15646-rllrl","r","r",TRUE,"hand","15646-rllrl","l","l",TRUE,NA,NA,NA,NA,NA,NA,NA,NA,NA,NA,NA,NA,NA,NA,NA,"position","15646-rllrl","15641","15646",FALSE,0.919230135090589,0.322899774246961,8,NA,NA,NA,NA,NA,NA,NA,NA,NA,NA,NA,NA,NA,NA,NA,NA,NA,NA,NA,NA,NA,NA,NA,NA,NA,NA,NA,NA,NA,NA,NA,NA,NA,NA,NA,NA,NA,NA,NA,NA,NA,NA,NA,NA,NA,NA,NA,NA,NA,NA
"7871809",FALSE,TRUE,2025-11-07 13:47:54,2025-11-07 14:04:58,0,"de",NA,"5672",5672,TRUE,"2493",2493,TRUE,"89725",89725,TRUE,"37468",37648,FALSE,"685137",685137,TRUE,"810007",816249,FALSE,"824572",824759,FALSE,"260800",264758,FALSE,"7621399",7621439,FALSE,"3157682",3175826,FALSE,"9517372",9517372,TRUE,"9370084",9378418,FALSE,0.416666666666667,12,"hand","36-rl","r","r",TRUE,"hand","36-rl","l","l",TRUE,"position","36-rl","36","36",TRUE,"hand","5346-llll","l","l",TRUE,"hand","5346-llll","l","l",TRUE,"hand","5346-llll","l","l",TRUE,"hand","5346-llll","l","l",TRUE,"position","5346-llll","5346","5346",TRUE,"hand","24124-lllrl","l","l",TRUE,"hand","24124-lllrl","l","l",TRUE,"hand","24124-lllrl","l","l",TRUE,"hand","24124-lllrl","r","r",TRUE,"hand","24124-lllrl","l","l",TRUE,"position","24124-lllrl","24124","24124",TRUE,"hand","1436216-llrrrll","l","l",TRUE,"hand","1436216-llrrrll","l","l",TRUE,"hand","1436216-llrrrll","r","r",TRUE,"hand","1436216-llrrrll","r","r",TRUE,"hand","1436216-llrrrll","r","r",TRUE,"hand","1436216-llrrrll","l","l",TRUE,"hand","1436216-llrrrll","l","l",TRUE,"position","1436216-llrrrll","1436216","1436216",TRUE,"hand","31542435-rlrrlrll","r","r",TRUE,"hand","31542435-rlrrlrll","l","l",TRUE,"hand","31542435-rlrrlrll","r","r",TRUE,"hand","31542435-rlrrlrll","r","r",TRUE,"hand","31542435-rlrrlrll","l","l",TRUE,"hand","31542435-rlrrlrll","r","r",TRUE,"position","31542435-rlrrlrll","31532435","31542435",FALSE,"hand","1634213-llllrrl","l","l",TRUE,"hand","1634213-llllrrl","l","l",TRUE,"hand","1634213-llllrrl","l","l",TRUE,"hand","1634213-llllrrl","l","l",TRUE,"hand","1634213-llllrrl","r","r",TRUE,"hand","1634213-llllrrl","r","r",TRUE,"hand","1634213-llllrrl","l","l",TRUE,"position","1634213-llllrrl","1634213","1634213",TRUE,"hand","41621636-lllllllr","l","l",TRUE,"hand","41621636-lllllllr","l","l",TRUE,"hand","41621636-lllllllr","l","l",TRUE,"hand","41621636-lllllllr","l","l",TRUE,"hand","41621636-lllllllr","l","l",TRUE,"hand","41621636-lllllllr","l","l",TRUE,"hand","41621636-lllllllr","l","l",TRUE,"position","41621636-lllllllr","31621636","41621636",FALSE,"hand","2165353-llrllrr","l","l",TRUE,"hand","2165353-llrllrr","l","l",TRUE,"hand","2165353-llrllrr","r","r",TRUE,"hand","2165353-llrllrr","l","l",TRUE,"hand","2165353-llrllrr","l","l",TRUE,"hand","2165353-llrllrr","r","r",TRUE,"hand","2165353-llrllrr","r","r",TRUE,NA,NA,NA,NA,NA,"position","2165353-llrllrr","2165353","2165353",TRUE,1.70046582285368,0.369187735412153,8,"hand","31542435-rlrrlrll","l","l",TRUE,"hand","31542435-rlrrlrll","l","l",TRUE,NA,NA,NA,NA,NA,NA,NA,NA,NA,NA,"hand","41621636-lllllllr","r","r",TRUE,NA,NA,NA,NA,NA,NA,NA,NA,NA,NA,NA,NA,NA,NA,NA,NA,NA,NA,NA,NA,NA,NA,NA,NA,NA
"7872260",FALSE,TRUE,2025-11-09 15:20:14,2025-11-09 15:32:22,0,"de",NA,"5672",5672,TRUE,"2493",2493,TRUE,"89725",89725,TRUE,"37689",37648,FALSE,"685137",685137,TRUE,"816249",816249,TRUE,"824759",824759,TRUE,"264758",264758,TRUE,"7621499",7621439,FALSE,"3175826",3175826,TRUE,"9517372",9517372,TRUE,"9378418",9378418,TRUE,0.833333333333333,12,"hand","36-rl","r","r",TRUE,"hand","36-rl","l","l",TRUE,"position","36-rl","36","36",TRUE,"hand","2626-lrlr","l","l",TRUE,"hand","2626-lrlr","r","r",TRUE,"hand","2626-lrlr","l","l",TRUE,"hand","2626-lrlr","r","r",TRUE,"position","2626-lrlr","2626","2626",TRUE,"hand","15646-rllrl","r","r",TRUE,"hand","15646-rllrl","l","l",TRUE,"hand","15646-rllrl","l","l",TRUE,"hand","15646-rllrl","r","r",TRUE,"hand","15646-rllrl","l","l",TRUE,"position","15646-rllrl","15646","15646",TRUE,"hand","1632164-rlllrrr","r","r",TRUE,"hand","1632164-rlllrrr","l","l",TRUE,"hand","1632164-rlllrrr","l","l",TRUE,"hand","1632164-rlllrrr","l","l",TRUE,"hand","1632164-rlllrrr","r","r",TRUE,"hand","1632164-rlllrrr","r","r",TRUE,"hand","1632164-rlllrrr","r","r",TRUE,"position","1632164-rlllrrr","6132163","1632164",FALSE,"hand","323536-rlrllr","r","r",TRUE,"hand","323536-rlrllr","l","l",TRUE,"hand","323536-rlrllr","r","r",TRUE,"hand","323536-rlrllr","l","l",TRUE,"hand","323536-rlrllr","l","l",TRUE,"hand","323536-rlrllr","r","r",TRUE,"position","323536-rlrllr","323536","323536",TRUE,"hand","6123414-rrrllrl","r","r",TRUE,"hand","6123414-rrrllrl","r","r",TRUE,"hand","6123414-rrrllrl","r","r",TRUE,"hand","6123414-rrrllrl","l","l",TRUE,"hand","6123414-rrrllrl","r","l",FALSE,"hand","6123414-rrrllrl","l","r",FALSE,"hand","6123414-rrrllrl","r","l",FALSE,"position","6123414-rrrllrl","6123463","6123414",FALSE,"hand","616526-rrrrrl","r","r",TRUE,"hand","616526-rrrrrl","r","r",TRUE,"hand","616526-rrrrrl","r","r",TRUE,"hand","616526-rrrrrl","r","r",TRUE,"hand","616526-rrrrrl","r","r",TRUE,"hand","616526-rrrrrl","l","l",TRUE,NA,NA,NA,NA,NA,"position","616526-rrrrrl","161652","616526",FALSE,"hand","63653-rlrlr","l","r",FALSE,"hand","63653-rlrlr","l","l",TRUE,"hand","63653-rlrlr","r","r",TRUE,"hand","63653-rlrlr","l","l",TRUE,"hand","63653-rlrlr","r","r",TRUE,NA,NA,NA,NA,NA,NA,NA,NA,NA,NA,NA,NA,NA,NA,NA,"position","63653-rlrlr","65653","63653",FALSE,0.972794454839934,0.33156049930986,8,NA,NA,NA,NA,NA,NA,NA,NA,NA,NA,NA,NA,NA,NA,NA,NA,NA,NA,NA,NA,NA,NA,NA,NA,NA,NA,NA,NA,NA,NA,NA,NA,NA,NA,NA,NA,NA,NA,NA,NA,NA,NA,NA,NA,NA,NA,NA,NA,NA,NA
"7868883",FALSE,TRUE,2025-11-09 15:57:21,2025-11-09 16:15:11,0,"de",NA,"5672",5672,TRUE,"2493",2493,TRUE,"89725",89725,TRUE,"27648",37648,FALSE,"613387",685137,FALSE,"816249",816249,TRUE,"871259",824759,FALSE,"624758",264758,FALSE,"6741399",7621439,FALSE,"3176288",3175826,FALSE,"9517837",9517372,FALSE,"9378418",9378418,TRUE,0.416666666666667,12,"hand","14-rr","r","r",TRUE,"hand","14-rr","r","r",TRUE,"position","14-rr","14","14",TRUE,"hand","5346-llll","l","l",TRUE,"hand","5346-llll","l","l",TRUE,"hand","5346-llll","l","l",TRUE,"hand","5346-llll","l","l",TRUE,"position","5346-llll","5346","5346",TRUE,"hand","23413-lrlrl","l","l",TRUE,"hand","23413-lrlrl","r","r",TRUE,"hand","23413-lrlrl","l","l",TRUE,"hand","23413-lrlrl","r","r",TRUE,"hand","23413-lrlrl","l","l",TRUE,"position","23413-lrlrl","23413","23413",TRUE,"hand","4515142-lrlrrlr","l","l",TRUE,"hand","4515142-lrlrrlr","r","r",TRUE,"hand","4515142-lrlrrlr","l","l",TRUE,"hand","4515142-lrlrrlr","r","r",TRUE,"hand","4515142-lrlrrlr","r","r",TRUE,"hand","4515142-lrlrrlr","l","l",TRUE,"hand","4515142-lrlrrlr","r","r",TRUE,"position","4515142-lrlrrlr","4515142","4515142",TRUE,"hand","43434121-rrlrlllr","r","r",TRUE,"hand","43434121-rrlrlllr","r","r",TRUE,"hand","43434121-rrlrlllr","l","l",TRUE,"hand","43434121-rrlrlllr","r","r",TRUE,"hand","43434121-rrlrlllr","l","l",TRUE,"hand","43434121-rrlrlllr","l","l",TRUE,"position","43434121-rrlrlllr","34343121","43434121",FALSE,"hand","2165353-llrllrr","l","l",TRUE,"hand","2165353-llrllrr","l","l",TRUE,"hand","2165353-llrllrr","r","r",TRUE,"hand","2165353-llrllrr","l","l",TRUE,"hand","2165353-llrllrr","l","l",TRUE,"hand","2165353-llrllrr","r","r",TRUE,"hand","2165353-llrllrr","r","r",TRUE,"position","2165353-llrllrr","2165353","2165353",TRUE,"hand","63642543-lrrlrrll","l","l",TRUE,"hand","63642543-lrrlrrll","r","r",TRUE,"hand","63642543-lrrlrrll","r","r",TRUE,"hand","63642543-lrrlrrll","l","l",TRUE,"hand","63642543-lrrlrrll","r","r",TRUE,"hand","63642543-lrrlrrll","r","r",TRUE,"hand","63642543-lrrlrrll","l","l",TRUE,"position","63642543-lrrlrrll","63425332","63642543",FALSE,"hand","6123414-rrrllrl","r","r",TRUE,"hand","6123414-rrrllrl","r","r",TRUE,"hand","6123414-rrrllrl","r","r",TRUE,"hand","6123414-rrrllrl","l","l",TRUE,"hand","6123414-rrrllrl","l","l",TRUE,"hand","6123414-rrrllrl","r","r",TRUE,"hand","6123414-rrrllrl","l","l",TRUE,NA,NA,NA,NA,NA,"position","6123414-rrrllrl","6123414","6123414",TRUE,1.70046582285368,0.369187735412153,8,"hand","43434121-rrlrlllr","l","l",TRUE,"hand","43434121-rrlrlllr","r","r",TRUE,NA,NA,NA,NA,NA,NA,NA,NA,NA,NA,"hand","63642543-lrrlrrll","l","l",TRUE,NA,NA,NA,NA,NA,NA,NA,NA,NA,NA,NA,NA,NA,NA,NA,NA,NA,NA,NA,NA,NA,NA,NA,NA,NA
"7309418",FALSE,TRUE,2025-11-09 16:39:32,2025-11-09 16:55:18,3,"de",NA,"5672",5672,TRUE,"2493",2493,TRUE,"89725",89725,TRUE,"37480",37648,FALSE,"785137",685137,FALSE,"816249",816249,TRUE,"824719",824759,FALSE,"264758",264758,TRUE,"7623490",7621439,FALSE,"3178000",3175826,FALSE,"7572970",9517372,FALSE,"9378418",9378418,TRUE,0.5,12,"hand","31-rr","r","r",TRUE,"hand","31-rr","r","r",TRUE,"position","31-rr","31","31",TRUE,"hand","5413-rlll","r","r",TRUE,"hand","5413-rlll","l","l",TRUE,"hand","5413-rlll","l","l",TRUE,"hand","5413-rlll","l","l",TRUE,"position","5413-rlll","5413","5413",TRUE,"hand","32164-lrrll","l","l",TRUE,"hand","32164-lrrll","r","r",TRUE,"hand","32164-lrrll","r","r",TRUE,"hand","32164-lrrll","l","l",TRUE,"hand","32164-lrrll","l","l",TRUE,"position","32164-lrrll","32164","32164",TRUE,"hand","2165353-llrllrr","l","l",TRUE,"hand","2165353-llrllrr","l","l",TRUE,"hand","2165353-llrllrr","r","r",TRUE,"hand","2165353-llrllrr","l","l",TRUE,"hand","2165353-llrllrr","l","l",TRUE,"hand","2165353-llrllrr","r","r",TRUE,"hand","2165353-llrllrr","r","r",TRUE,"position","2165353-llrllrr","2165353","2165353",TRUE,"hand","36135234-rlrrllrl","r","r",TRUE,"hand","36135234-rlrrllrl","l","l",TRUE,"hand","36135234-rlrrllrl","r","r",TRUE,"hand","36135234-rlrrllrl","r","r",TRUE,"hand","36135234-rlrrllrl","l","l",TRUE,"hand","36135234-rlrrllrl","l","l",TRUE,"position","36135234-rlrrllrl","31635243","36135234",FALSE,"hand","4635346-rrrrlrr","r","r",TRUE,"hand","4635346-rrrrlrr","r","r",TRUE,"hand","4635346-rrrrlrr","r","r",TRUE,"hand","4635346-rrrrlrr","r","r",TRUE,"hand","4635346-rrrrlrr","l","l",TRUE,"hand","4635346-rrrrlrr","r","r",TRUE,"hand","4635346-rrrrlrr","r","r",TRUE,"position","4635346-rrrrlrr","4654354","4635346",FALSE,"hand","514356-lrrlrr","l","l",TRUE,"hand","514356-lrrlrr","r","r",TRUE,"hand","514356-lrrlrr","r","r",TRUE,"hand","514356-lrrlrr","l","l",TRUE,"hand","514356-lrrlrr","r","r",TRUE,"hand","514356-lrrlrr","r","r",TRUE,NA,NA,NA,NA,NA,"position","514356-lrrlrr","514356","514356",TRUE,"hand","1436216-llrrrll","l","l",TRUE,"hand","1436216-llrrrll","l","l",TRUE,"hand","1436216-llrrrll","r","r",TRUE,"hand","1436216-llrrrll","r","r",TRUE,"hand","1436216-llrrrll","r","r",TRUE,"hand","1436216-llrrrll","l","l",TRUE,"hand","1436216-llrrrll","l","l",TRUE,NA,NA,NA,NA,NA,"position","1436216-llrrrll","1436264","1436216",FALSE,1.35797281614671,0.343760164237212,8,"hand","36135234-rlrrllrl","r","r",TRUE,"hand","36135234-rlrrllrl","l","l",TRUE,NA,NA,NA,NA,NA,NA,NA,NA,NA,NA,NA,NA,NA,NA,NA,NA,NA,NA,NA,NA,NA,NA,NA,NA,NA,NA,NA,NA,NA,NA,NA,NA,NA,NA,NA,NA,NA,NA,NA,NA
"7752648",FALSE,TRUE,2025-11-10 13:06:33,2025-11-10 13:25:04,0,"de",NA,"5672",5672,TRUE,"2493",2493,TRUE,"89250",89725,FALSE,"36400",37648,FALSE,"651377",685137,FALSE,"816499",816249,FALSE,"824759",824759,TRUE,"264508",264758,FALSE,"7614000",7621439,FALSE,"3175826",3175826,TRUE,"9517372",9517372,TRUE,"9378148",9378418,FALSE,0.416666666666667,12,"hand","36-rl","r","r",TRUE,"hand","36-rl","l","l",TRUE,"position","36-rl","36","36",TRUE,"hand","3624-rrlr","r","r",TRUE,"hand","3624-rrlr","r","r",TRUE,"hand","3624-rrlr","l","l",TRUE,"hand","3624-rrlr","r","r",TRUE,"position","3624-rrlr","3624","3624",TRUE,"hand","14254-lllrl","l","l",TRUE,"hand","14254-lllrl","l","l",TRUE,"hand","14254-lllrl","l","l",TRUE,"hand","14254-lllrl","r","r",TRUE,"hand","14254-lllrl","l","l",TRUE,"position","14254-lllrl","14254","14254",TRUE,"hand","4635346-rrrrlrr","r","r",TRUE,"hand","4635346-rrrrlrr","r","r",TRUE,"hand","4635346-rrrrlrr","r","r",TRUE,"hand","4635346-rrrrlrr","r","r",TRUE,"hand","4635346-rrrrlrr","l","l",TRUE,"hand","4635346-rrrrlrr","r","r",TRUE,"hand","4635346-rrrrlrr","r","r",TRUE,"position","4635346-rrrrlrr","4635346","4635346",TRUE,"hand","43434121-rrlrlllr","r","r",TRUE,"hand","43434121-rrlrlllr","r","r",TRUE,"hand","43434121-rrlrlllr","l","l",TRUE,"hand","43434121-rrlrlllr","r","r",TRUE,"hand","43434121-rrlrlllr","l","l",TRUE,"hand","43434121-rrlrlllr","l","l",TRUE,"position","43434121-rrlrlllr","43434121","43434121",TRUE,"hand","462534135-llrlrlrlr","l","l",TRUE,"hand","462534135-llrlrlrlr","l","l",TRUE,"hand","462534135-llrlrlrlr","r","r",TRUE,"hand","462534135-llrlrlrlr","l","l",TRUE,"hand","462534135-llrlrlrlr","r","r",TRUE,"hand","462534135-llrlrlrlr","l","l",TRUE,"hand","462534135-llrlrlrlr","r","r",TRUE,"position","462534135-llrlrlrlr","462534135","462534135",TRUE,"hand","5364325156-llrlrlrrlr","l","l",TRUE,"hand","5364325156-llrlrlrrlr","l","l",TRUE,"hand","5364325156-llrlrlrrlr","r","r",TRUE,"hand","5364325156-llrlrlrrlr","l","l",TRUE,"hand","5364325156-llrlrlrrlr","r","r",TRUE,"hand","5364325156-llrlrlrrlr","l","l",TRUE,"hand","5364325156-llrlrlrrlr","r","r",TRUE,"position","5364325156-llrlrlrrlr","3654215641","5364325156",FALSE,"hand","464213251-lllrrlrlr","l","l",TRUE,"hand","464213251-lllrrlrlr","l","l",TRUE,"hand","464213251-lllrrlrlr","l","l",TRUE,"hand","464213251-lllrrlrlr","r","r",TRUE,"hand","464213251-lllrrlrlr","r","r",TRUE,"hand","464213251-lllrrlrlr","l","l",TRUE,"hand","464213251-lllrrlrlr","r","r",TRUE,"hand","464213251-lllrrlrlr","l","l",TRUE,"position","464213251-lllrrlrlr","464213251","464213251",TRUE,2.33680436234939,0.452080113464558,8,"hand","43434121-rrlrlllr","l","l",TRUE,"hand","43434121-rrlrlllr","r","r",TRUE,"hand","462534135-llrlrlrlr","l","l",TRUE,"hand","462534135-llrlrlrlr","r","r",TRUE,"hand","5364325156-llrlrlrrlr","r","r",TRUE,"hand","464213251-lllrrlrlr","r","r",TRUE,"hand","5364325156-llrlrlrrlr","l","l",TRUE,"hand","5364325156-llrlrlrrlr","r","r",TRUE,NA,NA,NA,NA,NA,NA,NA,NA,NA,NA
"7871507",FALSE,TRUE,2025-11-11 17:23:00,2025-11-11 17:40:00,0,"de",NA,"5672",5672,TRUE,"2493",2493,TRUE,"89725",89725,TRUE,"37648",37648,TRUE,"681370",685137,FALSE,"816249",816249,TRUE,"827590",824759,FALSE,"264758",264758,TRUE,"9341670",7621439,FALSE,"3175800",3175826,FALSE,"9517372",9517372,TRUE,"9478148",9378418,FALSE,0.583333333333333,12,"hand","52-lr","l","l",TRUE,"hand","52-lr","r","r",TRUE,"position","52-lr","52","52",TRUE,"hand","3624-rrlr","r","r",TRUE,"hand","3624-rrlr","r","r",TRUE,"hand","3624-rrlr","l","l",TRUE,"hand","3624-rrlr","r","r",TRUE,"position","3624-rrlr","3624","3624",TRUE,"hand","63653-rlrlr","r","r",TRUE,"hand","63653-rlrlr","l","l",TRUE,"hand","63653-rlrlr","r","r",TRUE,"hand","63653-rlrlr","l","l",TRUE,"hand","63653-rlrlr","r","r",TRUE,"position","63653-rlrlr","63653","63653",TRUE,"hand","1634213-llllrrl","l","l",TRUE,"hand","1634213-llllrrl","l","l",TRUE,"hand","1634213-llllrrl","l","l",TRUE,"hand","1634213-llllrrl","l","l",TRUE,"hand","1634213-llllrrl","r","r",TRUE,"hand","1634213-llllrrl","r","r",TRUE,"hand","1634213-llllrrl","l","l",TRUE,"position","1634213-llllrrl","1634213","1634213",TRUE,"hand","63642543-lrrlrrll","l","l",TRUE,"hand","63642543-lrrlrrll","r","r",TRUE,"hand","63642543-lrrlrrll","r","r",TRUE,"hand","63642543-lrrlrrll","l","l",TRUE,"hand","63642543-lrrlrrll","l","r",FALSE,"hand","63642543-lrrlrrll","r","r",TRUE,"position","63642543-lrrlrrll","62636424","63642543",FALSE,"hand","2165353-llrllrr","l","l",TRUE,"hand","2165353-llrllrr","l","l",TRUE,"hand","2165353-llrllrr","r","r",TRUE,"hand","2165353-llrllrr","l","l",TRUE,"hand","2165353-llrllrr","l","l",TRUE,"hand","2165353-llrllrr","r","r",TRUE,"hand","2165353-llrllrr","r","r",TRUE,"position","2165353-llrllrr","2165353","2165353",TRUE,"hand","64345234-lrrrrlrl","l","l",TRUE,"hand","64345234-lrrrrlrl","r","r",TRUE,"hand","64345234-lrrrrlrl","r","r",TRUE,"hand","64345234-lrrrrlrl","r","r",TRUE,"hand","64345234-lrrrrlrl","r","r",TRUE,"hand","64345234-lrrrrlrl","l","l",TRUE,"hand","64345234-lrrrrlrl","r","r",TRUE,"position","64345234-lrrrrlrl","64345234","64345234",TRUE,"hand","45131464-rlllllrl","r","r",TRUE,"hand","45131464-rlllllrl","l","l",TRUE,"hand","45131464-rlllllrl","l","l",TRUE,"hand","45131464-rlllllrl","l","l",TRUE,"hand","45131464-rlllllrl","l","l",TRUE,"hand","45131464-rlllllrl","l","l",TRUE,"hand","45131464-rlllllrl","r","r",TRUE,"hand","45131464-rlllllrl","l","l",TRUE,"position","45131464-rlllllrl","45313464","45131464",FALSE,1.74541769663667,0.370861887053507,8,"hand","63642543-lrrlrrll","l","l",TRUE,"hand","63642543-lrrlrrll","l","l",TRUE,NA,NA,NA,NA,NA,NA,NA,NA,NA,NA,"hand","64345234-lrrrrlrl","l","l",TRUE,NA,NA,NA,NA,NA,NA,NA,NA,NA,NA,NA,NA,NA,NA,NA,NA,NA,NA,NA,NA,NA,NA,NA,NA,NA
"8008918",FALSE,FALSE,2025-11-12 08:20:29,2025-11-12 08:27:04,0,"de",NA,"5672",5672,TRUE,"2493",2493,TRUE,"87255",89725,FALSE,"37640",37648,FALSE,"685731",685137,FALSE,"086249",816249,FALSE,"004259",824759,FALSE,"264758",264758,TRUE,"0000000",7621439,FALSE,"0000000",3175826,FALSE,"0000000",9517372,FALSE,"0000000",9378418,FALSE,0.25,12,NA,NA,NA,NA,NA,NA,NA,NA,NA,NA,NA,NA,NA,NA,NA,NA,NA,NA,NA,NA,NA,NA,NA,NA,NA,NA,NA,NA,NA,NA,NA,NA,NA,NA,NA,NA,NA,NA,NA,NA,NA,NA,NA,NA,NA,NA,NA,NA,NA,NA,NA,NA,NA,NA,NA,NA,NA,NA,NA,NA,NA,NA,NA,NA,NA,NA,NA,NA,NA,NA,NA,NA,NA,NA,NA,NA,NA,NA,NA,NA,NA,NA,NA,NA,NA,NA,NA,NA,NA,NA,NA,NA,NA,NA,NA,NA,NA,NA,NA,NA,NA,NA,NA,NA,NA,NA,NA,NA,NA,NA,NA,NA,NA,NA,NA,NA,NA,NA,NA,NA,NA,NA,NA,NA,NA,NA,NA,NA,NA,NA,NA,NA,NA,NA,NA,NA,NA,NA,NA,NA,NA,NA,NA,NA,NA,NA,NA,NA,NA,NA,NA,NA,NA,NA,NA,NA,NA,NA,NA,NA,NA,NA,NA,NA,NA,NA,NA,NA,NA,NA,NA,NA,NA,NA,NA,NA,NA,NA,NA,NA,NA,NA,NA,NA,NA,NA,NA,NA,NA,NA,NA,NA,NA,NA,NA,NA,NA,NA,NA,NA,NA,NA,NA,NA,NA,NA,NA,NA,NA,NA,NA,NA,NA,NA,NA,NA,NA,NA,NA,NA,NA,NA,NA,NA,NA,NA,NA,NA,NA,NA,NA,NA,NA,NA,NA,NA,NA,NA,NA,NA,NA,NA,NA,NA,NA,NA,NA,NA,NA,NA,NA,NA,NA,NA,NA,NA,NA,NA,NA,NA,NA,NA,NA,NA,NA,NA,NA,NA,NA,NA,NA,NA,NA,NA,NA,NA,NA,NA,NA,NA,NA,NA,NA,NA,NA,NA,NA,NA,NA,NA,NA,NA,NA,NA,NA,NA,NA,NA,NA,NA,NA,NA,NA,NA,NA,NA,NA,NA,NA,NA,NA,NA,NA,NA,NA,NA,NA,NA,NA,NA,NA,NA,NA
"7870209",FALSE,TRUE,2025-11-12 21:28:47,2025-11-12 21:51:38,0,"de",NA,"5672",5672,TRUE,"2493",2493,TRUE,"89725",89725,TRUE,"87648",37648,FALSE,"865137",685137,FALSE,"810946",816249,FALSE,"824000",824759,FALSE,"276580",264758,FALSE,"7613459",7621439,FALSE,"3176825",3175826,FALSE,"9517271",9517372,FALSE,"9371488",9378418,FALSE,0.25,12,"hand","45-ll","l","l",TRUE,"hand","45-ll","l","l",TRUE,"position","45-ll","45","45",TRUE,"hand","1253-lrlr","l","l",TRUE,"hand","1253-lrlr","r","r",TRUE,"hand","1253-lrlr","l","l",TRUE,"hand","1253-lrlr","r","r",TRUE,"position","1253-lrlr","1253","1253",TRUE,"hand","62121-rllrl","r","r",TRUE,"hand","62121-rllrl","l","l",TRUE,"hand","62121-rllrl","l","l",TRUE,"hand","62121-rllrl","r","r",TRUE,"hand","62121-rllrl","l","l",TRUE,"position","62121-rllrl","62121","62121",TRUE,"hand","2165353-llrllrr","l","l",TRUE,"hand","2165353-llrllrr","l","l",TRUE,"hand","2165353-llrllrr","r","r",TRUE,"hand","2165353-llrllrr","l","l",TRUE,"hand","2165353-llrllrr","l","l",TRUE,"hand","2165353-llrllrr","r","r",TRUE,"hand","2165353-llrllrr","r","r",TRUE,"position","2165353-llrllrr","2165353","2165353",TRUE,"hand","43434121-rrlrlllr","r","r",TRUE,"hand","43434121-rrlrlllr","r","r",TRUE,"hand","43434121-rrlrlllr","l","l",TRUE,"hand","43434121-rrlrlllr","r","r",TRUE,"hand","43434121-rrlrlllr","l","l",TRUE,"hand","43434121-rrlrlllr","l","l",TRUE,"position","43434121-rrlrlllr","43434121","43434121",TRUE,"hand","352532523-rllllrrrl","r","r",TRUE,"hand","352532523-rllllrrrl","l","l",TRUE,"hand","352532523-rllllrrrl","l","l",TRUE,"hand","352532523-rllllrrrl","l","l",TRUE,"hand","352532523-rllllrrrl","l","l",TRUE,"hand","352532523-rllllrrrl","r","r",TRUE,"hand","352532523-rllllrrrl","r","r",TRUE,"position","352532523-rllllrrrl","352532532","352532523",FALSE,"hand","21526324-rrrlrrll","r","r",TRUE,"hand","21526324-rrrlrrll","r","r",TRUE,"hand","21526324-rrrlrrll","r","r",TRUE,"hand","21526324-rrrlrrll","l","l",TRUE,"hand","21526324-rrrlrrll","r","r",TRUE,"hand","21526324-rrrlrrll","r","r",TRUE,"hand","21526324-rrrlrrll","l","l",TRUE,"position","21526324-rrrlrrll","21526324","21526324",TRUE,"hand","651636563-rrllrrllr","r","r",TRUE,"hand","651636563-rrllrrllr","r","r",TRUE,"hand","651636563-rrllrrllr","l","l",TRUE,"hand","651636563-rrllrrllr","l","l",TRUE,"hand","651636563-rrllrrllr","r","r",TRUE,"hand","651636563-rrllrrllr","r","r",TRUE,"hand","651636563-rrllrrllr","l","l",TRUE,"hand","651636563-rrllrrllr","l","l",TRUE,"position","651636563-rrllrrllr","651636563","651636563",TRUE,2.21976631652536,0.443289245691469,8,"hand","43434121-rrlrlllr","l","l",TRUE,"hand","43434121-rrlrlllr","r","r",TRUE,"hand","352532523-rllllrrrl","r","r",TRUE,"hand","352532523-rllllrrrl","l","l",TRUE,"hand","21526324-rrrlrrll","l","l",TRUE,"hand","651636563-rrllrrllr","r","r",TRUE,NA,NA,NA,NA,NA,NA,NA,NA,NA,NA,NA,NA,NA,NA,NA,NA,NA,NA,NA,NA
"8011366",FALSE,FALSE,2025-11-13 06:56:08,2025-11-13 07:00:28,3,"de",NA,"5672",5672,TRUE,"2493",2493,TRUE,"89725",89725,TRUE,"37637",37648,FALSE,"681535",685137,FALSE,"869452",816249,FALSE,"824759",824759,TRUE,"264758",264758,TRUE,"7621439",7621439,TRUE,"3175826",3175826,TRUE,"3173752",9517372,FALSE,"9847188",9378418,FALSE,0.583333333333333,12,NA,NA,NA,NA,NA,NA,NA,NA,NA,NA,NA,NA,NA,NA,NA,NA,NA,NA,NA,NA,NA,NA,NA,NA,NA,NA,NA,NA,NA,NA,NA,NA,NA,NA,NA,NA,NA,NA,NA,NA,NA,NA,NA,NA,NA,NA,NA,NA,NA,NA,NA,NA,NA,NA,NA,NA,NA,NA,NA,NA,NA,NA,NA,NA,NA,NA,NA,NA,NA,NA,NA,NA,NA,NA,NA,NA,NA,NA,NA,NA,NA,NA,NA,NA,NA,NA,NA,NA,NA,NA,NA,NA,NA,NA,NA,NA,NA,NA,NA,NA,NA,NA,NA,NA,NA,NA,NA,NA,NA,NA,NA,NA,NA,NA,NA,NA,NA,NA,NA,NA,NA,NA,NA,NA,NA,NA,NA,NA,NA,NA,NA,NA,NA,NA,NA,NA,NA,NA,NA,NA,NA,NA,NA,NA,NA,NA,NA,NA,NA,NA,NA,NA,NA,NA,NA,NA,NA,NA,NA,NA,NA,NA,NA,NA,NA,NA,NA,NA,NA,NA,NA,NA,NA,NA,NA,NA,NA,NA,NA,NA,NA,NA,NA,NA,NA,NA,NA,NA,NA,NA,NA,NA,NA,NA,NA,NA,NA,NA,NA,NA,NA,NA,NA,NA,NA,NA,NA,NA,NA,NA,NA,NA,NA,NA,NA,NA,NA,NA,NA,NA,NA,NA,NA,NA,NA,NA,NA,NA,NA,NA,NA,NA,NA,NA,NA,NA,NA,NA,NA,NA,NA,NA,NA,NA,NA,NA,NA,NA,NA,NA,NA,NA,NA,NA,NA,NA,NA,NA,NA,NA,NA,NA,NA,NA,NA,NA,NA,NA,NA,NA,NA,NA,NA,NA,NA,NA,NA,NA,NA,NA,NA,NA,NA,NA,NA,NA,NA,NA,NA,NA,NA,NA,NA,NA,NA,NA,NA,NA,NA,NA,NA,NA,NA,NA,NA,NA,NA,NA,NA,NA,NA,NA,NA,NA,NA,NA,NA,NA,NA,NA,NA,NA,NA
"7875405",FALSE,TRUE,2025-11-13 11:09:39,2025-11-13 11:28:17,0,"de",NA,"5672",5672,TRUE,"2493",2493,TRUE,"89725",89725,TRUE,"37648",37648,TRUE,"685137",685137,TRUE,"700119",816249,FALSE,"824759",824759,TRUE,"264758",264758,TRUE,"7044219",7621439,FALSE,"2175826",3175826,FALSE,"9527372",9517372,FALSE,"9378428",9378418,FALSE,0.583333333333333,12,"hand","64-lr","l","l",TRUE,"hand","64-lr","r","r",TRUE,"position","64-lr","64","64",TRUE,"hand","6313-llrr","l","l",TRUE,"hand","6313-llrr","l","l",TRUE,"hand","6313-llrr","r","r",TRUE,"hand","6313-llrr","r","r",TRUE,"position","6313-llrr","6313","6313",TRUE,"hand","63653-rlrlr","r","r",TRUE,"hand","63653-rlrlr","l","l",TRUE,"hand","63653-rlrlr","r","r",TRUE,"hand","63653-rlrlr","l","l",TRUE,"hand","63653-rlrlr","r","r",TRUE,"position","63653-rlrlr","63653","63653",TRUE,"hand","6123414-rrrllrl","r","r",TRUE,"hand","6123414-rrrllrl","r","r",TRUE,"hand","6123414-rrrllrl","r","r",TRUE,"hand","6123414-rrrllrl","l","l",TRUE,"hand","6123414-rrrllrl","l","l",TRUE,"hand","6123414-rrrllrl","r","r",TRUE,"hand","6123414-rrrllrl","l","l",TRUE,"position","6123414-rrrllrl","6134144","6123414",FALSE,"hand","526454-lrrrlr","l","l",TRUE,"hand","526454-lrrrlr","r","r",TRUE,"hand","526454-lrrrlr","r","r",TRUE,"hand","526454-lrrrlr","r","r",TRUE,"hand","526454-lrrrlr","l","l",TRUE,"hand","526454-lrrrlr","r","r",TRUE,"position","526454-lrrrlr","525654","526454",FALSE,"hand","14254-lllrl","l","l",TRUE,"hand","14254-lllrl","l","l",TRUE,"hand","14254-lllrl","l","l",TRUE,"hand","14254-lllrl","r","r",TRUE,"hand","14254-lllrl","l","l",TRUE,NA,NA,NA,NA,NA,NA,NA,NA,NA,NA,"position","14254-lllrl","14254","14254",TRUE,"hand","542561-lrllll","l","l",TRUE,"hand","542561-lrllll","r","r",TRUE,"hand","542561-lrllll","l","l",TRUE,"hand","542561-lrllll","l","l",TRUE,"hand","542561-lrllll","l","l",TRUE,"hand","542561-lrllll","l","l",TRUE,NA,NA,NA,NA,NA,"position","542561-lrllll","542561","542561",TRUE,"hand","514356-lrrlrr","l","l",TRUE,"hand","514356-lrrlrr","r","r",TRUE,"hand","514356-lrrlrr","r","r",TRUE,"hand","514356-lrrlrr","l","l",TRUE,"hand","514356-lrrlrr","r","r",TRUE,"hand","514356-lrrlrr","l","r",FALSE,NA,NA,NA,NA,NA,NA,NA,NA,NA,NA,"position","514356-lrrlrr","153456","514356",FALSE,1.16691369927193,0.333009986616969,8,NA,NA,NA,NA,NA,NA,NA,NA,NA,NA,NA,NA,NA,NA,NA,NA,NA,NA,NA,NA,NA,NA,NA,NA,NA,NA,NA,NA,NA,NA,NA,NA,NA,NA,NA,NA,NA,NA,NA,NA,NA,NA,NA,NA,NA,NA,NA,NA,NA,NA
"7912955",FALSE,TRUE,2025-11-14 09:39:39,2025-11-14 09:54:48,0,"de",NA,"5672",5672,TRUE,"2493",2493,TRUE,"89700",89725,FALSE,"34678",37648,FALSE,"685137",685137,TRUE,"816490",816249,FALSE,"824759",824759,TRUE,"264580",264758,FALSE,"7621439",7621439,TRUE,"3758260",3175826,FALSE,"9537172",9517372,FALSE,"9781800",9378418,FALSE,0.416666666666667,12,"hand","14-rr","r","r",TRUE,"hand","14-rr","r","r",TRUE,"position","14-rr","14","14",TRUE,"hand","1253-lrlr","l","l",TRUE,"hand","1253-lrlr","r","r",TRUE,"hand","1253-lrlr","l","l",TRUE,"hand","1253-lrlr","r","r",TRUE,"position","1253-lrlr","1253","1253",TRUE,"hand","32142-llrrl","l","l",TRUE,"hand","32142-llrrl","l","l",TRUE,"hand","32142-llrrl","r","r",TRUE,"hand","32142-llrrl","r","r",TRUE,"hand","32142-llrrl","l","l",TRUE,"position","32142-llrrl","32142","32142",TRUE,"hand","3156124-llrlrrl","l","l",TRUE,"hand","3156124-llrlrrl","l","l",TRUE,"hand","3156124-llrlrrl","r","r",TRUE,"hand","3156124-llrlrrl","l","l",TRUE,"hand","3156124-llrlrrl","r","r",TRUE,"hand","3156124-llrlrrl","r","r",TRUE,"hand","3156124-llrlrrl","l","l",TRUE,"position","3156124-llrlrrl","3156124","3156124",TRUE,"hand","21526324-rrrlrrll","r","r",TRUE,"hand","21526324-rrrlrrll","r","r",TRUE,"hand","21526324-rrrlrrll","r","r",TRUE,"hand","21526324-rrrlrrll","l","l",TRUE,"hand","21526324-rrrlrrll","l","r",FALSE,"hand","21526324-rrrlrrll","r","r",TRUE,"position","21526324-rrrlrrll","21563144","21526324",FALSE,"hand","1436216-llrrrll","l","l",TRUE,"hand","1436216-llrrrll","l","l",TRUE,"hand","1436216-llrrrll","r","r",TRUE,"hand","1436216-llrrrll","r","r",TRUE,"hand","1436216-llrrrll","r","r",TRUE,"hand","1436216-llrrrll","l","l",TRUE,"hand","1436216-llrrrll","l","l",TRUE,"position","1436216-llrrrll","2146362","1436216",FALSE,"hand","653624-llrrrl","l","l",TRUE,"hand","653624-llrrrl","l","l",TRUE,"hand","653624-llrrrl","r","r",TRUE,"hand","653624-llrrrl","r","r",TRUE,"hand","653624-llrrrl","r","r",TRUE,"hand","653624-llrrrl","r","l",FALSE,NA,NA,NA,NA,NA,"position","653624-llrrrl","356254","653624",FALSE,"hand","531641-rrrrrl","r","r",TRUE,"hand","531641-rrrrrl","r","r",TRUE,"hand","531641-rrrrrl","r","r",TRUE,"hand","531641-rrrrrl","r","r",TRUE,"hand","531641-rrrrrl","r","r",TRUE,"hand","531641-rrrrrl","l","l",TRUE,NA,NA,NA,NA,NA,NA,NA,NA,NA,NA,"position","531641-rrrrrl","531641","531641",TRUE,1.31708674058396,0.342983397762512,8,"hand","21526324-rrrlrrll","l","l",TRUE,"hand","21526324-rrrlrrll","l","l",TRUE,NA,NA,NA,NA,NA,NA,NA,NA,NA,NA,NA,NA,NA,NA,NA,NA,NA,NA,NA,NA,NA,NA,NA,NA,NA,NA,NA,NA,NA,NA,NA,NA,NA,NA,NA,NA,NA,NA,NA,NA
